<metadata xml:lang="en"><Esri><CreaDate>20230407</CreaDate><CreaTime>01471700</CreaTime><ArcGISFormat>1.0</ArcGISFormat><SyncOnce>FALSE</SyncOnce><DataProperties><lineage><Process ToolSource="c:\program files\arcgis\pro\Resources\ArcToolbox\toolboxes\Conversion Tools.tbx\RasterToPolygon" Date="20230407" Time="014717">RasterToPolygon C:/Users/Administrator/Documents/GEOG_596/img_output\new_raster_2.tif C:/Users/Administrator/Documents/GEOG_596/img_output\19TCF585975_mask.shp NO_SIMPLIFY Value SINGLE_OUTER_PART #</Process><Process ToolSource="c:\program files\arcgis\pro\Resources\ArcToolbox\toolboxes\Data Management Tools.tbx\AddField" Date="20230407" Time="014717">AddField C:/Users/Administrator/Documents/GEOG_596/img_output\19TCF585975_mask.shp AREA_SQM "Double  (double precision)" 6 2 # # NULLABLE NON_REQUIRED #</Process><Process ToolSource="c:\program files\arcgis\pro\Resources\ArcToolbox\toolboxes\Data Management Tools.tbx\CalculateGeometryAttributes" Date="20230407" Time="014717">CalculateGeometryAttributes C:/Users/Administrator/Documents/GEOG_596/img_output\19TCF585975_mask.shp "AREA_SQM AREA" # "Square meters" # "Same as input"</Process><Process ToolSource="c:\program files\arcgis\pro\Resources\ArcToolbox\toolboxes\Data Management Tools.tbx\AddField" Date="20230407" Time="014717">AddField C:/Users/Administrator/Documents/GEOG_596/img_output\19TCF585975_mask.shp PA_RATIO "Double  (double precision)" 6 2 # # NULLABLE NON_REQUIRED #</Process><Process ToolSource="c:\program files\arcgis\pro\Resources\ArcToolbox\toolboxes\Data Management Tools.tbx\CalculateField" Date="20230407" Time="014718">CalculateField C:/Users/Administrator/Documents/GEOG_596/img_output\19TCF585975_mask.shp PA_RATIO !shape.length!/!shape.area! "Python 3" # Text NO_ENFORCE_DOMAINS</Process><Process ToolSource="c:\program files\arcgis\pro\Resources\ArcToolbox\toolboxes\Data Management Tools.tbx\Merge" Date="20230407" Time="022550">Merge C:/Users/Administrator/Documents/GEOG_596/img_output\19TCF585975_mask.shp;C:/Users/Administrator/Documents/GEOG_596/img_output\19TCF585990_mask.shp;C:/Users/Administrator/Documents/GEOG_596/img_output\19TCF600975_mask.shp;C:/Users/Administrator/Documents/GEOG_596/img_output\19TCF600990_mask.shp;C:/Users/Administrator/Documents/GEOG_596/img_output\19TCF615975_mask.shp;C:/Users/Administrator/Documents/GEOG_596/img_output\19TCF615990_mask.shp;C:/Users/Administrator/Documents/GEOG_596/img_output\19TCF630990_mask.shp;C:/Users/Administrator/Documents/GEOG_596/img_output\19TCF645990_mask.shp;C:/Users/Administrator/Documents/GEOG_596/img_output\19TCG615005_mask.shp;C:/Users/Administrator/Documents/GEOG_596/img_output\19TCG615020_mask.shp;C:/Users/Administrator/Documents/GEOG_596/img_output\19TCG615050_mask.shp;C:/Users/Administrator/Documents/GEOG_596/img_output\19TCG615065_mask.shp;C:/Users/Administrator/Documents/GEOG_596/img_output\19TCG615080_mask.shp;C:/Users/Administrator/Documents/GEOG_596/img_output\19TCG615110_mask.shp;C:/Users/Administrator/Documents/GEOG_596/img_output\19TCG615155_mask.shp;C:/Users/Administrator/Documents/GEOG_596/img_output\19TCG630005_mask.shp;C:/Users/Administrator/Documents/GEOG_596/img_output\19TCG630035_mask.shp;C:/Users/Administrator/Documents/GEOG_596/img_output\19TCG630050_mask.shp;C:/Users/Administrator/Documents/GEOG_596/img_output\19TCG630065_mask.shp;C:/Users/Administrator/Documents/GEOG_596/img_output\19TCG630080_mask.shp;C:/Users/Administrator/Documents/GEOG_596/img_output\19TCG630095_mask.shp;C:/Users/Administrator/Documents/GEOG_596/img_output\19TCG630110_mask.shp;C:/Users/Administrator/Documents/GEOG_596/img_output\19TCG630140_mask.shp;C:/Users/Administrator/Documents/GEOG_596/img_output\19TCG630155_mask.shp;C:/Users/Administrator/Documents/GEOG_596/img_output\19TCG630170_mask.shp;C:/Users/Administrator/Documents/GEOG_596/img_output\19TCG630185_mask.shp;C:/Users/Administrator/Documents/GEOG_596/img_output\19TCG630200_mask.shp;C:/Users/Administrator/Documents/GEOG_596/img_output\19TCG630245_mask.shp;C:/Users/Administrator/Documents/GEOG_596/img_output\19TCG645005_mask.shp;C:/Users/Administrator/Documents/GEOG_596/img_output\19TCG645020_mask.shp;C:/Users/Administrator/Documents/GEOG_596/img_output\19TCG645035_mask.shp;C:/Users/Administrator/Documents/GEOG_596/img_output\19TCG645050_mask.shp;C:/Users/Administrator/Documents/GEOG_596/img_output\19TCG645065_mask.shp;C:/Users/Administrator/Documents/GEOG_596/img_output\19TCG645080_mask.shp;C:/Users/Administrator/Documents/GEOG_596/img_output\19TCG645095_mask.shp;C:/Users/Administrator/Documents/GEOG_596/img_output\19TCG645110_mask.shp;C:/Users/Administrator/Documents/GEOG_596/img_output\19TCG645125_mask.shp;C:/Users/Administrator/Documents/GEOG_596/img_output\19TCG645140_mask.shp;C:/Users/Administrator/Documents/GEOG_596/img_output\19TCG645155_mask.shp;C:/Users/Administrator/Documents/GEOG_596/img_output\19TCG645170_mask.shp;C:/Users/Administrator/Documents/GEOG_596/img_output\19TCG645185_mask.shp;C:/Users/Administrator/Documents/GEOG_596/img_output\19TCG645200_mask.shp;C:/Users/Administrator/Documents/GEOG_596/img_output\19TCG645215_mask.shp;C:/Users/Administrator/Documents/GEOG_596/img_output\19TCG645230_mask.shp;C:/Users/Administrator/Documents/GEOG_596/img_output\19TCG645245_mask.shp;C:/Users/Administrator/Documents/GEOG_596/img_output\19TCG660005_mask.shp;C:/Users/Administrator/Documents/GEOG_596/img_output\19TCG660020_mask.shp;C:/Users/Administrator/Documents/GEOG_596/img_output\19TCG660035_mask.shp;C:/Users/Administrator/Documents/GEOG_596/img_output\19TCG660050_mask.shp;C:/Users/Administrator/Documents/GEOG_596/img_output\19TCG660065_mask.shp;C:/Users/Administrator/Documents/GEOG_596/img_output\19TCG660080_mask.shp;C:/Users/Administrator/Documents/GEOG_596/img_output\19TCG660095_mask.shp;C:/Users/Administrator/Documents/GEOG_596/img_output\19TCG660125_mask.shp;C:/Users/Administrator/Documents/GEOG_596/img_output\19TCG660140_mask.shp;C:/Users/Administrator/Documents/GEOG_596/img_output\19TCG660155_mask.shp;C:/Users/Administrator/Documents/GEOG_596/img_output\19TCG660170_mask.shp;C:/Users/Administrator/Documents/GEOG_596/img_output\19TCG660185_mask.shp;C:/Users/Administrator/Documents/GEOG_596/img_output\19TCG660200_mask.shp;C:/Users/Administrator/Documents/GEOG_596/img_output\19TCG660215_mask.shp;C:/Users/Administrator/Documents/GEOG_596/img_output\19TCG660230_mask.shp;C:/Users/Administrator/Documents/GEOG_596/img_output\19TCG660245_mask.shp;C:/Users/Administrator/Documents/GEOG_596/img_output\19TCG660260_mask.shp;C:/Users/Administrator/Documents/GEOG_596/img_output\19TCG675005_mask.shp;C:/Users/Administrator/Documents/GEOG_596/img_output\19TCG675020_mask.shp;C:/Users/Administrator/Documents/GEOG_596/img_output\19TCG675035_mask.shp;C:/Users/Administrator/Documents/GEOG_596/img_output\19TCG675050_mask.shp;C:/Users/Administrator/Documents/GEOG_596/img_output\19TCG675065_mask.shp;C:/Users/Administrator/Documents/GEOG_596/img_output\19TCG675080_mask.shp;C:/Users/Administrator/Documents/GEOG_596/img_output\19TCG675095_mask.shp;C:/Users/Administrator/Documents/GEOG_596/img_output\19TCG675110_mask.shp;C:/Users/Administrator/Documents/GEOG_596/img_output\19TCG675125_mask.shp;C:/Users/Administrator/Documents/GEOG_596/img_output\19TCG675140_mask.shp;C:/Users/Administrator/Documents/GEOG_596/img_output\19TCG675155_mask.shp;C:/Users/Administrator/Documents/GEOG_596/img_output\19TCG675170_mask.shp;C:/Users/Administrator/Documents/GEOG_596/img_output\19TCG675185_mask.shp;C:/Users/Administrator/Documents/GEOG_596/img_output\19TCG675200_mask.shp;C:/Users/Administrator/Documents/GEOG_596/img_output\19TCG675215_mask.shp;C:/Users/Administrator/Documents/GEOG_596/img_output\19TCG675230_mask.shp;C:/Users/Administrator/Documents/GEOG_596/img_output\19TCG675245_mask.shp;C:/Users/Administrator/Documents/GEOG_596/img_output\19TCG675260_mask.shp;C:/Users/Administrator/Documents/GEOG_596/img_output\19TCG690005_mask.shp;C:/Users/Administrator/Documents/GEOG_596/img_output\19TCG690020_mask.shp;C:/Users/Administrator/Documents/GEOG_596/img_output\19TCG690035_mask.shp;C:/Users/Administrator/Documents/GEOG_596/img_output\19TCG690050_mask.shp;C:/Users/Administrator/Documents/GEOG_596/img_output\19TCG690065_mask.shp;C:/Users/Administrator/Documents/GEOG_596/img_output\19TCG690080_mask.shp;C:/Users/Administrator/Documents/GEOG_596/img_output\19TCG690095_mask.shp;C:/Users/Administrator/Documents/GEOG_596/img_output\19TCG690110_mask.shp;C:/Users/Administrator/Documents/GEOG_596/img_output\19TCG690125_mask.shp;C:/Users/Administrator/Documents/GEOG_596/img_output\19TCG690140_mask.shp;C:/Users/Administrator/Documents/GEOG_596/img_output\19TCG690155_mask.shp;C:/Users/Administrator/Documents/GEOG_596/img_output\19TCG690170_mask.shp;C:/Users/Administrator/Documents/GEOG_596/img_output\19TCG690185_mask.shp;C:/Users/Administrator/Documents/GEOG_596/img_output\19TCG690230_mask.shp;C:/Users/Administrator/Documents/GEOG_596/img_output\19TCG690245_mask.shp;C:/Users/Administrator/Documents/GEOG_596/img_output\19TCG690260_mask.shp;C:/Users/Administrator/Documents/GEOG_596/img_output\19TCG690275_mask.shp;C:/Users/Administrator/Documents/GEOG_596/img_output\19TCG705005_mask.shp;C:/Users/Administrator/Documents/GEOG_596/img_output\19TCG705020_mask.shp;C:/Users/Administrator/Documents/GEOG_596/img_output\19TCG705035_mask.shp;C:/Users/Administrator/Documents/GEOG_596/img_output\19TCG705050_mask.shp;C:/Users/Administrator/Documents/GEOG_596/img_output\19TCG705065_mask.shp;C:/Users/Administrator/Documents/GEOG_596/img_output\19TCG705080_mask.shp;C:/Users/Administrator/Documents/GEOG_596/img_output\19TCG705095_mask.shp;C:/Users/Administrator/Documents/GEOG_596/img_output\19TCG705110_mask.shp;C:/Users/Administrator/Documents/GEOG_596/img_output\19TCG705140_mask.shp;C:/Users/Administrator/Documents/GEOG_596/img_output\19TCG705155_mask.shp;C:/Users/Administrator/Documents/GEOG_596/img_output\19TCG705200_mask.shp;C:/Users/Administrator/Documents/GEOG_596/img_output\19TCG705245_mask.shp;C:/Users/Administrator/Documents/GEOG_596/img_output\19TCG705260_mask.shp;C:/Users/Administrator/Documents/GEOG_596/img_output\19TCG705275_mask.shp;C:/Users/Administrator/Documents/GEOG_596/img_output\19TCG705290_mask.shp;C:/Users/Administrator/Documents/GEOG_596/img_output\19TCG720005_mask.shp;C:/Users/Administrator/Documents/GEOG_596/img_output\19TCG720035_mask.shp;C:/Users/Administrator/Documents/GEOG_596/img_output\19TCG720050_mask.shp;C:/Users/Administrator/Documents/GEOG_596/img_output\19TCG720065_mask.shp;C:/Users/Administrator/Documents/GEOG_596/img_output\19TCG720080_mask.shp;C:/Users/Administrator/Documents/GEOG_596/img_output\19TCG720095_mask.shp;C:/Users/Administrator/Documents/GEOG_596/img_output\19TCG720110_mask.shp;C:/Users/Administrator/Documents/GEOG_596/img_output\19TCG720125_mask.shp;C:/Users/Administrator/Documents/GEOG_596/img_output\19TCG720140_mask.shp;C:/Users/Administrator/Documents/GEOG_596/img_output\19TCG720155_mask.shp;C:/Users/Administrator/Documents/GEOG_596/img_output\19TCG720215_mask.shp;C:/Users/Administrator/Documents/GEOG_596/img_output\19TCG720230_mask.shp;C:/Users/Administrator/Documents/GEOG_596/img_output\19TCG720245_mask.shp;C:/Users/Administrator/Documents/GEOG_596/img_output\19TCG720260_mask.shp;C:/Users/Administrator/Documents/GEOG_596/img_output\19TCG720275_mask.shp;C:/Users/Administrator/Documents/GEOG_596/img_output\19TCG720290_mask.shp;C:/Users/Administrator/Documents/GEOG_596/img_output\19TCG735005_mask.shp;C:/Users/Administrator/Documents/GEOG_596/img_output\19TCG735020_mask.shp;C:/Users/Administrator/Documents/GEOG_596/img_output\19TCG735035_mask.shp;C:/Users/Administrator/Documents/GEOG_596/img_output\19TCG735050_mask.shp;C:/Users/Administrator/Documents/GEOG_596/img_output\19TCG735065_mask.shp;C:/Users/Administrator/Documents/GEOG_596/img_output\19TCG735080_mask.shp;C:/Users/Administrator/Documents/GEOG_596/img_output\19TCG735095_mask.shp;C:/Users/Administrator/Documents/GEOG_596/img_output\19TCG735110_mask.shp;C:/Users/Administrator/Documents/GEOG_596/img_output\19TCG735125_mask.shp;C:/Users/Administrator/Documents/GEOG_596/img_output\19TCG735140_mask.shp;C:/Users/Administrator/Documents/GEOG_596/img_output\19TCG735155_mask.shp;C:/Users/Administrator/Documents/GEOG_596/img_output\19TCG735170_mask.shp;C:/Users/Administrator/Documents/GEOG_596/img_output\19TCG735185_mask.shp;C:/Users/Administrator/Documents/GEOG_596/img_output\19TCG735200_mask.shp;C:/Users/Administrator/Documents/GEOG_596/img_output\19TCG735215_mask.shp;C:/Users/Administrator/Documents/GEOG_596/img_output\19TCG735230_mask.shp;C:/Users/Administrator/Documents/GEOG_596/img_output\19TCG735245_mask.shp;C:/Users/Administrator/Documents/GEOG_596/img_output\19TCG735260_mask.shp;C:/Users/Administrator/Documents/GEOG_596/img_output\19TCG735275_mask.shp;C:/Users/Administrator/Documents/GEOG_596/img_output\19TCG750005_mask.shp;C:/Users/Administrator/Documents/GEOG_596/img_output\19TCG750020_mask.shp;C:/Users/Administrator/Documents/GEOG_596/img_output\19TCG750035_mask.shp;C:/Users/Administrator/Documents/GEOG_596/img_output\19TCG750050_mask.shp;C:/Users/Administrator/Documents/GEOG_596/img_output\19TCG750065_mask.shp;C:/Users/Administrator/Documents/GEOG_596/img_output\19TCG750080_mask.shp;C:/Users/Administrator/Documents/GEOG_596/img_output\19TCG750095_mask.shp;C:/Users/Administrator/Documents/GEOG_596/img_output\19TCG750110_mask.shp;C:/Users/Administrator/Documents/GEOG_596/img_output\19TCG750125_mask.shp;C:/Users/Administrator/Documents/GEOG_596/img_output\19TCG750140_mask.shp;C:/Users/Administrator/Documents/GEOG_596/img_output\19TCG750155_mask.shp;C:/Users/Administrator/Documents/GEOG_596/img_output\19TCG750170_mask.shp;C:/Users/Administrator/Documents/GEOG_596/img_output\19TCG750185_mask.shp;C:/Users/Administrator/Documents/GEOG_596/img_output\19TCG750215_mask.shp;C:/Users/Administrator/Documents/GEOG_596/img_output\19TCG750230_mask.shp;C:/Users/Administrator/Documents/GEOG_596/img_output\19TCG750245_mask.shp;C:/Users/Administrator/Documents/GEOG_596/img_output\19TCG750260_mask.shp;C:/Users/Administrator/Documents/GEOG_596/img_output\19TCG765020_mask.shp;C:/Users/Administrator/Documents/GEOG_596/img_output\19TCG765035_mask.shp;C:/Users/Administrator/Documents/GEOG_596/img_output\19TCG765050_mask.shp;C:/Users/Administrator/Documents/GEOG_596/img_output\19TCG765065_mask.shp;C:/Users/Administrator/Documents/GEOG_596/img_output\19TCG765080_mask.shp;C:/Users/Administrator/Documents/GEOG_596/img_output\19TCG765095_mask.shp;C:/Users/Administrator/Documents/GEOG_596/img_output\19TCG765110_mask.shp;C:/Users/Administrator/Documents/GEOG_596/img_output\19TCG765125_mask.shp;C:/Users/Administrator/Documents/GEOG_596/img_output\19TCG765140_mask.shp;C:/Users/Administrator/Documents/GEOG_596/img_output\19TCG765155_mask.shp;C:/Users/Administrator/Documents/GEOG_596/img_output\19TCG765170_mask.shp;C:/Users/Administrator/Documents/GEOG_596/img_output\19TCG765185_mask.shp;C:/Users/Administrator/Documents/GEOG_596/img_output\19TCG765200_mask.shp C:/Users/Administrator/Documents/GEOG_596/img_output\Barnstable_2021_200_24_img.shp "Id "Id" true true false 10 Long 0 10,First,#,C:/Users/Administrator/Documents/GEOG_596/img_output\19TCF585975_mask.shp,Id,-1,-1,C:/Users/Administrator/Documents/GEOG_596/img_output\19TCF585990_mask.shp,Id,-1,-1,C:/Users/Administrator/Documents/GEOG_596/img_output\19TCF600975_mask.shp,Id,-1,-1,C:/Users/Administrator/Documents/GEOG_596/img_output\19TCF600990_mask.shp,Id,-1,-1,C:/Users/Administrator/Documents/GEOG_596/img_output\19TCF615975_mask.shp,Id,-1,-1,C:/Users/Administrator/Documents/GEOG_596/img_output\19TCF615990_mask.shp,Id,-1,-1,C:/Users/Administrator/Documents/GEOG_596/img_output\19TCF630990_mask.shp,Id,-1,-1,C:/Users/Administrator/Documents/GEOG_596/img_output\19TCF645990_mask.shp,Id,-1,-1,C:/Users/Administrator/Documents/GEOG_596/img_output\19TCG615005_mask.shp,Id,-1,-1,C:/Users/Administrator/Documents/GEOG_596/img_output\19TCG615020_mask.shp,Id,-1,-1,C:/Users/Administrator/Documents/GEOG_596/img_output\19TCG615050_mask.shp,Id,-1,-1,C:/Users/Administrator/Documents/GEOG_596/img_output\19TCG615065_mask.shp,Id,-1,-1,C:/Users/Administrator/Documents/GEOG_596/img_output\19TCG615080_mask.shp,Id,-1,-1,C:/Users/Administrator/Documents/GEOG_596/img_output\19TCG615110_mask.shp,Id,-1,-1,C:/Users/Administrator/Documents/GEOG_596/img_output\19TCG615155_mask.shp,Id,-1,-1,C:/Users/Administrator/Documents/GEOG_596/img_output\19TCG630005_mask.shp,Id,-1,-1,C:/Users/Administrator/Documents/GEOG_596/img_output\19TCG630035_mask.shp,Id,-1,-1,C:/Users/Administrator/Documents/GEOG_596/img_output\19TCG630050_mask.shp,Id,-1,-1,C:/Users/Administrator/Documents/GEOG_596/img_output\19TCG630065_mask.shp,Id,-1,-1,C:/Users/Administrator/Documents/GEOG_596/img_output\19TCG630080_mask.shp,Id,-1,-1,C:/Users/Administrator/Documents/GEOG_596/img_output\19TCG630095_mask.shp,Id,-1,-1,C:/Users/Administrator/Documents/GEOG_596/img_output\19TCG630110_mask.shp,Id,-1,-1,C:/Users/Administrator/Documents/GEOG_596/img_output\19TCG630140_mask.shp,Id,-1,-1,C:/Users/Administrator/Documents/GEOG_596/img_output\19TCG630155_mask.shp,Id,-1,-1,C:/Users/Administrator/Documents/GEOG_596/img_output\19TCG630170_mask.shp,Id,-1,-1,C:/Users/Administrator/Documents/GEOG_596/img_output\19TCG630185_mask.shp,Id,-1,-1,C:/Users/Administrator/Documents/GEOG_596/img_output\19TCG630200_mask.shp,Id,-1,-1,C:/Users/Administrator/Documents/GEOG_596/img_output\19TCG630245_mask.shp,Id,-1,-1,C:/Users/Administrator/Documents/GEOG_596/img_output\19TCG645005_mask.shp,Id,-1,-1,C:/Users/Administrator/Documents/GEOG_596/img_output\19TCG645020_mask.shp,Id,-1,-1,C:/Users/Administrator/Documents/GEOG_596/img_output\19TCG645035_mask.shp,Id,-1,-1,C:/Users/Administrator/Documents/GEOG_596/img_output\19TCG645050_mask.shp,Id,-1,-1,C:/Users/Administrator/Documents/GEOG_596/img_output\19TCG645065_mask.shp,Id,-1,-1,C:/Users/Administrator/Documents/GEOG_596/img_output\19TCG645080_mask.shp,Id,-1,-1,C:/Users/Administrator/Documents/GEOG_596/img_output\19TCG645095_mask.shp,Id,-1,-1,C:/Users/Administrator/Documents/GEOG_596/img_output\19TCG645110_mask.shp,Id,-1,-1,C:/Users/Administrator/Documents/GEOG_596/img_output\19TCG645125_mask.shp,Id,-1,-1,C:/Users/Administrator/Documents/GEOG_596/img_output\19TCG645140_mask.shp,Id,-1,-1,C:/Users/Administrator/Documents/GEOG_596/img_output\19TCG645155_mask.shp,Id,-1,-1,C:/Users/Administrator/Documents/GEOG_596/img_output\19TCG645170_mask.shp,Id,-1,-1,C:/Users/Administrator/Documents/GEOG_596/img_output\19TCG645185_mask.shp,Id,-1,-1,C:/Users/Administrator/Documents/GEOG_596/img_output\19TCG645200_mask.shp,Id,-1,-1,C:/Users/Administrator/Documents/GEOG_596/img_output\19TCG645215_mask.shp,Id,-1,-1,C:/Users/Administrator/Documents/GEOG_596/img_output\19TCG645230_mask.shp,Id,-1,-1,C:/Users/Administrator/Documents/GEOG_596/img_output\19TCG645245_mask.shp,Id,-1,-1,C:/Users/Administrator/Documents/GEOG_596/img_output\19TCG660005_mask.shp,Id,-1,-1,C:/Users/Administrator/Documents/GEOG_596/img_output\19TCG660020_mask.shp,Id,-1,-1,C:/Users/Administrator/Documents/GEOG_596/img_output\19TCG660035_mask.shp,Id,-1,-1,C:/Users/Administrator/Documents/GEOG_596/img_output\19TCG660050_mask.shp,Id,-1,-1,C:/Users/Administrator/Documents/GEOG_596/img_output\19TCG660065_mask.shp,Id,-1,-1,C:/Users/Administrator/Documents/GEOG_596/img_output\19TCG660080_mask.shp,Id,-1,-1,C:/Users/Administrator/Documents/GEOG_596/img_output\19TCG660095_mask.shp,Id,-1,-1,C:/Users/Administrator/Documents/GEOG_596/img_output\19TCG660125_mask.shp,Id,-1,-1,C:/Users/Administrator/Documents/GEOG_596/img_output\19TCG660140_mask.shp,Id,-1,-1,C:/Users/Administrator/Documents/GEOG_596/img_output\19TCG660155_mask.shp,Id,-1,-1,C:/Users/Administrator/Documents/GEOG_596/img_output\19TCG660170_mask.shp,Id,-1,-1,C:/Users/Administrator/Documents/GEOG_596/img_output\19TCG660185_mask.shp,Id,-1,-1,C:/Users/Administrator/Documents/GEOG_596/img_output\19TCG660200_mask.shp,Id,-1,-1,C:/Users/Administrator/Documents/GEOG_596/img_output\19TCG660215_mask.shp,Id,-1,-1,C:/Users/Administrator/Documents/GEOG_596/img_output\19TCG660230_mask.shp,Id,-1,-1,C:/Users/Administrator/Documents/GEOG_596/img_output\19TCG660245_mask.shp,Id,-1,-1,C:/Users/Administrator/Documents/GEOG_596/img_output\19TCG660260_mask.shp,Id,-1,-1,C:/Users/Administrator/Documents/GEOG_596/img_output\19TCG675005_mask.shp,Id,-1,-1,C:/Users/Administrator/Documents/GEOG_596/img_output\19TCG675020_mask.shp,Id,-1,-1,C:/Users/Administrator/Documents/GEOG_596/img_output\19TCG675035_mask.shp,Id,-1,-1,C:/Users/Administrator/Documents/GEOG_596/img_output\19TCG675050_mask.shp,Id,-1,-1,C:/Users/Administrator/Documents/GEOG_596/img_output\19TCG675065_mask.shp,Id,-1,-1,C:/Users/Administrator/Documents/GEOG_596/img_output\19TCG675080_mask.shp,Id,-1,-1,C:/Users/Administrator/Documents/GEOG_596/img_output\19TCG675095_mask.shp,Id,-1,-1,C:/Users/Administrator/Documents/GEOG_596/img_output\19TCG675110_mask.shp,Id,-1,-1,C:/Users/Administrator/Documents/GEOG_596/img_output\19TCG675125_mask.shp,Id,-1,-1,C:/Users/Administrator/Documents/GEOG_596/img_output\19TCG675140_mask.shp,Id,-1,-1,C:/Users/Administrator/Documents/GEOG_596/img_output\19TCG675155_mask.shp,Id,-1,-1,C:/Users/Administrator/Documents/GEOG_596/img_output\19TCG675170_mask.shp,Id,-1,-1,C:/Users/Administrator/Documents/GEOG_596/img_output\19TCG675185_mask.shp,Id,-1,-1,C:/Users/Administrator/Documents/GEOG_596/img_output\19TCG675200_mask.shp,Id,-1,-1,C:/Users/Administrator/Documents/GEOG_596/img_output\19TCG675215_mask.shp,Id,-1,-1,C:/Users/Administrator/Documents/GEOG_596/img_output\19TCG675230_mask.shp,Id,-1,-1,C:/Users/Administrator/Documents/GEOG_596/img_output\19TCG675245_mask.shp,Id,-1,-1,C:/Users/Administrator/Documents/GEOG_596/img_output\19TCG675260_mask.shp,Id,-1,-1,C:/Users/Administrator/Documents/GEOG_596/img_output\19TCG690005_mask.shp,Id,-1,-1,C:/Users/Administrator/Documents/GEOG_596/img_output\19TCG690020_mask.shp,Id,-1,-1,C:/Users/Administrator/Documents/GEOG_596/img_output\19TCG690035_mask.shp,Id,-1,-1,C:/Users/Administrator/Documents/GEOG_596/img_output\19TCG690050_mask.shp,Id,-1,-1,C:/Users/Administrator/Documents/GEOG_596/img_output\19TCG690065_mask.shp,Id,-1,-1,C:/Users/Administrator/Documents/GEOG_596/img_output\19TCG690080_mask.shp,Id,-1,-1,C:/Users/Administrator/Documents/GEOG_596/img_output\19TCG690095_mask.shp,Id,-1,-1,C:/Users/Administrator/Documents/GEOG_596/img_output\19TCG690110_mask.shp,Id,-1,-1,C:/Users/Administrator/Documents/GEOG_596/img_output\19TCG690125_mask.shp,Id,-1,-1,C:/Users/Administrator/Documents/GEOG_596/img_output\19TCG690140_mask.shp,Id,-1,-1,C:/Users/Administrator/Documents/GEOG_596/img_output\19TCG690155_mask.shp,Id,-1,-1,C:/Users/Administrator/Documents/GEOG_596/img_output\19TCG690170_mask.shp,Id,-1,-1,C:/Users/Administrator/Documents/GEOG_596/img_output\19TCG690185_mask.shp,Id,-1,-1,C:/Users/Administrator/Documents/GEOG_596/img_output\19TCG690230_mask.shp,Id,-1,-1,C:/Users/Administrator/Documents/GEOG_596/img_output\19TCG690245_mask.shp,Id,-1,-1,C:/Users/Administrator/Documents/GEOG_596/img_output\19TCG690260_mask.shp,Id,-1,-1,C:/Users/Administrator/Documents/GEOG_596/img_output\19TCG690275_mask.shp,Id,-1,-1,C:/Users/Administrator/Documents/GEOG_596/img_output\19TCG705005_mask.shp,Id,-1,-1,C:/Users/Administrator/Documents/GEOG_596/img_output\19TCG705020_mask.shp,Id,-1,-1,C:/Users/Administrator/Documents/GEOG_596/img_output\19TCG705035_mask.shp,Id,-1,-1,C:/Users/Administrator/Documents/GEOG_596/img_output\19TCG705050_mask.shp,Id,-1,-1,C:/Users/Administrator/Documents/GEOG_596/img_output\19TCG705065_mask.shp,Id,-1,-1,C:/Users/Administrator/Documents/GEOG_596/img_output\19TCG705080_mask.shp,Id,-1,-1,C:/Users/Administrator/Documents/GEOG_596/img_output\19TCG705095_mask.shp,Id,-1,-1,C:/Users/Administrator/Documents/GEOG_596/img_output\19TCG705110_mask.shp,Id,-1,-1,C:/Users/Administrator/Documents/GEOG_596/img_output\19TCG705140_mask.shp,Id,-1,-1,C:/Users/Administrator/Documents/GEOG_596/img_output\19TCG705155_mask.shp,Id,-1,-1,C:/Users/Administrator/Documents/GEOG_596/img_output\19TCG705200_mask.shp,Id,-1,-1,C:/Users/Administrator/Documents/GEOG_596/img_output\19TCG705245_mask.shp,Id,-1,-1,C:/Users/Administrator/Documents/GEOG_596/img_output\19TCG705260_mask.shp,Id,-1,-1,C:/Users/Administrator/Documents/GEOG_596/img_output\19TCG705275_mask.shp,Id,-1,-1,C:/Users/Administrator/Documents/GEOG_596/img_output\19TCG705290_mask.shp,Id,-1,-1,C:/Users/Administrator/Documents/GEOG_596/img_output\19TCG720005_mask.shp,Id,-1,-1,C:/Users/Administrator/Documents/GEOG_596/img_output\19TCG720035_mask.shp,Id,-1,-1,C:/Users/Administrator/Documents/GEOG_596/img_output\19TCG720050_mask.shp,Id,-1,-1,C:/Users/Administrator/Documents/GEOG_596/img_output\19TCG720065_mask.shp,Id,-1,-1,C:/Users/Administrator/Documents/GEOG_596/img_output\19TCG720080_mask.shp,Id,-1,-1,C:/Users/Administrator/Documents/GEOG_596/img_output\19TCG720095_mask.shp,Id,-1,-1,C:/Users/Administrator/Documents/GEOG_596/img_output\19TCG720110_mask.shp,Id,-1,-1,C:/Users/Administrator/Documents/GEOG_596/img_output\19TCG720125_mask.shp,Id,-1,-1,C:/Users/Administrator/Documents/GEOG_596/img_output\19TCG720140_mask.shp,Id,-1,-1,C:/Users/Administrator/Documents/GEOG_596/img_output\19TCG720155_mask.shp,Id,-1,-1,C:/Users/Administrator/Documents/GEOG_596/img_output\19TCG720215_mask.shp,Id,-1,-1,C:/Users/Administrator/Documents/GEOG_596/img_output\19TCG720230_mask.shp,Id,-1,-1,C:/Users/Administrator/Documents/GEOG_596/img_output\19TCG720245_mask.shp,Id,-1,-1,C:/Users/Administrator/Documents/GEOG_596/img_output\19TCG720260_mask.shp,Id,-1,-1,C:/Users/Administrator/Documents/GEOG_596/img_output\19TCG720275_mask.shp,Id,-1,-1,C:/Users/Administrator/Documents/GEOG_596/img_output\19TCG720290_mask.shp,Id,-1,-1,C:/Users/Administrator/Documents/GEOG_596/img_output\19TCG735005_mask.shp,Id,-1,-1,C:/Users/Administrator/Documents/GEOG_596/img_output\19TCG735020_mask.shp,Id,-1,-1,C:/Users/Administrator/Documents/GEOG_596/img_output\19TCG735035_mask.shp,Id,-1,-1,C:/Users/Administrator/Documents/GEOG_596/img_output\19TCG735050_mask.shp,Id,-1,-1,C:/Users/Administrator/Documents/GEOG_596/img_output\19TCG735065_mask.shp,Id,-1,-1,C:/Users/Administrator/Documents/GEOG_596/img_output\19TCG735080_mask.shp,Id,-1,-1,C:/Users/Administrator/Documents/GEOG_596/img_output\19TCG735095_mask.shp,Id,-1,-1,C:/Users/Administrator/Documents/GEOG_596/img_output\19TCG735110_mask.shp,Id,-1,-1,C:/Users/Administrator/Documents/GEOG_596/img_output\19TCG735125_mask.shp,Id,-1,-1,C:/Users/Administrator/Documents/GEOG_596/img_output\19TCG735140_mask.shp,Id,-1,-1,C:/Users/Administrator/Documents/GEOG_596/img_output\19TCG735155_mask.shp,Id,-1,-1,C:/Users/Administrator/Documents/GEOG_596/img_output\19TCG735170_mask.shp,Id,-1,-1,C:/Users/Administrator/Documents/GEOG_596/img_output\19TCG735185_mask.shp,Id,-1,-1,C:/Users/Administrator/Documents/GEOG_596/img_output\19TCG735200_mask.shp,Id,-1,-1,C:/Users/Administrator/Documents/GEOG_596/img_output\19TCG735215_mask.shp,Id,-1,-1,C:/Users/Administrator/Documents/GEOG_596/img_output\19TCG735230_mask.shp,Id,-1,-1,C:/Users/Administrator/Documents/GEOG_596/img_output\19TCG735245_mask.shp,Id,-1,-1,C:/Users/Administrator/Documents/GEOG_596/img_output\19TCG735260_mask.shp,Id,-1,-1,C:/Users/Administrator/Documents/GEOG_596/img_output\19TCG735275_mask.shp,Id,-1,-1,C:/Users/Administrator/Documents/GEOG_596/img_output\19TCG750005_mask.shp,Id,-1,-1,C:/Users/Administrator/Documents/GEOG_596/img_output\19TCG750020_mask.shp,Id,-1,-1,C:/Users/Administrator/Documents/GEOG_596/img_output\19TCG750035_mask.shp,Id,-1,-1,C:/Users/Administrator/Documents/GEOG_596/img_output\19TCG750050_mask.shp,Id,-1,-1,C:/Users/Administrator/Documents/GEOG_596/img_output\19TCG750065_mask.shp,Id,-1,-1,C:/Users/Administrator/Documents/GEOG_596/img_output\19TCG750080_mask.shp,Id,-1,-1,C:/Users/Administrator/Documents/GEOG_596/img_output\19TCG750095_mask.shp,Id,-1,-1,C:/Users/Administrator/Documents/GEOG_596/img_output\19TCG750110_mask.shp,Id,-1,-1,C:/Users/Administrator/Documents/GEOG_596/img_output\19TCG750125_mask.shp,Id,-1,-1,C:/Users/Administrator/Documents/GEOG_596/img_output\19TCG750140_mask.shp,Id,-1,-1,C:/Users/Administrator/Documents/GEOG_596/img_output\19TCG750155_mask.shp,Id,-1,-1,C:/Users/Administrator/Documents/GEOG_596/img_output\19TCG750170_mask.shp,Id,-1,-1,C:/Users/Administrator/Documents/GEOG_596/img_output\19TCG750185_mask.shp,Id,-1,-1,C:/Users/Administrator/Documents/GEOG_596/img_output\19TCG750215_mask.shp,Id,-1,-1,C:/Users/Administrator/Documents/GEOG_596/img_output\19TCG750230_mask.shp,Id,-1,-1,C:/Users/Administrator/Documents/GEOG_596/img_output\19TCG750245_mask.shp,Id,-1,-1,C:/Users/Administrator/Documents/GEOG_596/img_output\19TCG750260_mask.shp,Id,-1,-1,C:/Users/Administrator/Documents/GEOG_596/img_output\19TCG765020_mask.shp,Id,-1,-1,C:/Users/Administrator/Documents/GEOG_596/img_output\19TCG765035_mask.shp,Id,-1,-1,C:/Users/Administrator/Documents/GEOG_596/img_output\19TCG765050_mask.shp,Id,-1,-1,C:/Users/Administrator/Documents/GEOG_596/img_output\19TCG765065_mask.shp,Id,-1,-1,C:/Users/Administrator/Documents/GEOG_596/img_output\19TCG765080_mask.shp,Id,-1,-1,C:/Users/Administrator/Documents/GEOG_596/img_output\19TCG765095_mask.shp,Id,-1,-1,C:/Users/Administrator/Documents/GEOG_596/img_output\19TCG765110_mask.shp,Id,-1,-1,C:/Users/Administrator/Documents/GEOG_596/img_output\19TCG765125_mask.shp,Id,-1,-1,C:/Users/Administrator/Documents/GEOG_596/img_output\19TCG765140_mask.shp,Id,-1,-1,C:/Users/Administrator/Documents/GEOG_596/img_output\19TCG765155_mask.shp,Id,-1,-1,C:/Users/Administrator/Documents/GEOG_596/img_output\19TCG765170_mask.shp,Id,-1,-1,C:/Users/Administrator/Documents/GEOG_596/img_output\19TCG765185_mask.shp,Id,-1,-1,C:/Users/Administrator/Documents/GEOG_596/img_output\19TCG765200_mask.shp,Id,-1,-1;gridcode "gridcode" true true false 10 Long 0 10,First,#,C:/Users/Administrator/Documents/GEOG_596/img_output\19TCF585975_mask.shp,gridcode,-1,-1,C:/Users/Administrator/Documents/GEOG_596/img_output\19TCF585990_mask.shp,gridcode,-1,-1,C:/Users/Administrator/Documents/GEOG_596/img_output\19TCF600975_mask.shp,gridcode,-1,-1,C:/Users/Administrator/Documents/GEOG_596/img_output\19TCF600990_mask.shp,gridcode,-1,-1,C:/Users/Administrator/Documents/GEOG_596/img_output\19TCF615975_mask.shp,gridcode,-1,-1,C:/Users/Administrator/Documents/GEOG_596/img_output\19TCF615990_mask.shp,gridcode,-1,-1,C:/Users/Administrator/Documents/GEOG_596/img_output\19TCF630990_mask.shp,gridcode,-1,-1,C:/Users/Administrator/Documents/GEOG_596/img_output\19TCF645990_mask.shp,gridcode,-1,-1,C:/Users/Administrator/Documents/GEOG_596/img_output\19TCG615005_mask.shp,gridcode,-1,-1,C:/Users/Administrator/Documents/GEOG_596/img_output\19TCG615020_mask.shp,gridcode,-1,-1,C:/Users/Administrator/Documents/GEOG_596/img_output\19TCG615050_mask.shp,gridcode,-1,-1,C:/Users/Administrator/Documents/GEOG_596/img_output\19TCG615065_mask.shp,gridcode,-1,-1,C:/Users/Administrator/Documents/GEOG_596/img_output\19TCG615080_mask.shp,gridcode,-1,-1,C:/Users/Administrator/Documents/GEOG_596/img_output\19TCG615110_mask.shp,gridcode,-1,-1,C:/Users/Administrator/Documents/GEOG_596/img_output\19TCG615155_mask.shp,gridcode,-1,-1,C:/Users/Administrator/Documents/GEOG_596/img_output\19TCG630005_mask.shp,gridcode,-1,-1,C:/Users/Administrator/Documents/GEOG_596/img_output\19TCG630035_mask.shp,gridcode,-1,-1,C:/Users/Administrator/Documents/GEOG_596/img_output\19TCG630050_mask.shp,gridcode,-1,-1,C:/Users/Administrator/Documents/GEOG_596/img_output\19TCG630065_mask.shp,gridcode,-1,-1,C:/Users/Administrator/Documents/GEOG_596/img_output\19TCG630080_mask.shp,gridcode,-1,-1,C:/Users/Administrator/Documents/GEOG_596/img_output\19TCG630095_mask.shp,gridcode,-1,-1,C:/Users/Administrator/Documents/GEOG_596/img_output\19TCG630110_mask.shp,gridcode,-1,-1,C:/Users/Administrator/Documents/GEOG_596/img_output\19TCG630140_mask.shp,gridcode,-1,-1,C:/Users/Administrator/Documents/GEOG_596/img_output\19TCG630155_mask.shp,gridcode,-1,-1,C:/Users/Administrator/Documents/GEOG_596/img_output\19TCG630170_mask.shp,gridcode,-1,-1,C:/Users/Administrator/Documents/GEOG_596/img_output\19TCG630185_mask.shp,gridcode,-1,-1,C:/Users/Administrator/Documents/GEOG_596/img_output\19TCG630200_mask.shp,gridcode,-1,-1,C:/Users/Administrator/Documents/GEOG_596/img_output\19TCG630245_mask.shp,gridcode,-1,-1,C:/Users/Administrator/Documents/GEOG_596/img_output\19TCG645005_mask.shp,gridcode,-1,-1,C:/Users/Administrator/Documents/GEOG_596/img_output\19TCG645020_mask.shp,gridcode,-1,-1,C:/Users/Administrator/Documents/GEOG_596/img_output\19TCG645035_mask.shp,gridcode,-1,-1,C:/Users/Administrator/Documents/GEOG_596/img_output\19TCG645050_mask.shp,gridcode,-1,-1,C:/Users/Administrator/Documents/GEOG_596/img_output\19TCG645065_mask.shp,gridcode,-1,-1,C:/Users/Administrator/Documents/GEOG_596/img_output\19TCG645080_mask.shp,gridcode,-1,-1,C:/Users/Administrator/Documents/GEOG_596/img_output\19TCG645095_mask.shp,gridcode,-1,-1,C:/Users/Administrator/Documents/GEOG_596/img_output\19TCG645110_mask.shp,gridcode,-1,-1,C:/Users/Administrator/Documents/GEOG_596/img_output\19TCG645125_mask.shp,gridcode,-1,-1,C:/Users/Administrator/Documents/GEOG_596/img_output\19TCG645140_mask.shp,gridcode,-1,-1,C:/Users/Administrator/Documents/GEOG_596/img_output\19TCG645155_mask.shp,gridcode,-1,-1,C:/Users/Administrator/Documents/GEOG_596/img_output\19TCG645170_mask.shp,gridcode,-1,-1,C:/Users/Administrator/Documents/GEOG_596/img_output\19TCG645185_mask.shp,gridcode,-1,-1,C:/Users/Administrator/Documents/GEOG_596/img_output\19TCG645200_mask.shp,gridcode,-1,-1,C:/Users/Administrator/Documents/GEOG_596/img_output\19TCG645215_mask.shp,gridcode,-1,-1,C:/Users/Administrator/Documents/GEOG_596/img_output\19TCG645230_mask.shp,gridcode,-1,-1,C:/Users/Administrator/Documents/GEOG_596/img_output\19TCG645245_mask.shp,gridcode,-1,-1,C:/Users/Administrator/Documents/GEOG_596/img_output\19TCG660005_mask.shp,gridcode,-1,-1,C:/Users/Administrator/Documents/GEOG_596/img_output\19TCG660020_mask.shp,gridcode,-1,-1,C:/Users/Administrator/Documents/GEOG_596/img_output\19TCG660035_mask.shp,gridcode,-1,-1,C:/Users/Administrator/Documents/GEOG_596/img_output\19TCG660050_mask.shp,gridcode,-1,-1,C:/Users/Administrator/Documents/GEOG_596/img_output\19TCG660065_mask.shp,gridcode,-1,-1,C:/Users/Administrator/Documents/GEOG_596/img_output\19TCG660080_mask.shp,gridcode,-1,-1,C:/Users/Administrator/Documents/GEOG_596/img_output\19TCG660095_mask.shp,gridcode,-1,-1,C:/Users/Administrator/Documents/GEOG_596/img_output\19TCG660125_mask.shp,gridcode,-1,-1,C:/Users/Administrator/Documents/GEOG_596/img_output\19TCG660140_mask.shp,gridcode,-1,-1,C:/Users/Administrator/Documents/GEOG_596/img_output\19TCG660155_mask.shp,gridcode,-1,-1,C:/Users/Administrator/Documents/GEOG_596/img_output\19TCG660170_mask.shp,gridcode,-1,-1,C:/Users/Administrator/Documents/GEOG_596/img_output\19TCG660185_mask.shp,gridcode,-1,-1,C:/Users/Administrator/Documents/GEOG_596/img_output\19TCG660200_mask.shp,gridcode,-1,-1,C:/Users/Administrator/Documents/GEOG_596/img_output\19TCG660215_mask.shp,gridcode,-1,-1,C:/Users/Administrator/Documents/GEOG_596/img_output\19TCG660230_mask.shp,gridcode,-1,-1,C:/Users/Administrator/Documents/GEOG_596/img_output\19TCG660245_mask.shp,gridcode,-1,-1,C:/Users/Administrator/Documents/GEOG_596/img_output\19TCG660260_mask.shp,gridcode,-1,-1,C:/Users/Administrator/Documents/GEOG_596/img_output\19TCG675005_mask.shp,gridcode,-1,-1,C:/Users/Administrator/Documents/GEOG_596/img_output\19TCG675020_mask.shp,gridcode,-1,-1,C:/Users/Administrator/Documents/GEOG_596/img_output\19TCG675035_mask.shp,gridcode,-1,-1,C:/Users/Administrator/Documents/GEOG_596/img_output\19TCG675050_mask.shp,gridcode,-1,-1,C:/Users/Administrator/Documents/GEOG_596/img_output\19TCG675065_mask.shp,gridcode,-1,-1,C:/Users/Administrator/Documents/GEOG_596/img_output\19TCG675080_mask.shp,gridcode,-1,-1,C:/Users/Administrator/Documents/GEOG_596/img_output\19TCG675095_mask.shp,gridcode,-1,-1,C:/Users/Administrator/Documents/GEOG_596/img_output\19TCG675110_mask.shp,gridcode,-1,-1,C:/Users/Administrator/Documents/GEOG_596/img_output\19TCG675125_mask.shp,gridcode,-1,-1,C:/Users/Administrator/Documents/GEOG_596/img_output\19TCG675140_mask.shp,gridcode,-1,-1,C:/Users/Administrator/Documents/GEOG_596/img_output\19TCG675155_mask.shp,gridcode,-1,-1,C:/Users/Administrator/Documents/GEOG_596/img_output\19TCG675170_mask.shp,gridcode,-1,-1,C:/Users/Administrator/Documents/GEOG_596/img_output\19TCG675185_mask.shp,gridcode,-1,-1,C:/Users/Administrator/Documents/GEOG_596/img_output\19TCG675200_mask.shp,gridcode,-1,-1,C:/Users/Administrator/Documents/GEOG_596/img_output\19TCG675215_mask.shp,gridcode,-1,-1,C:/Users/Administrator/Documents/GEOG_596/img_output\19TCG675230_mask.shp,gridcode,-1,-1,C:/Users/Administrator/Documents/GEOG_596/img_output\19TCG675245_mask.shp,gridcode,-1,-1,C:/Users/Administrator/Documents/GEOG_596/img_output\19TCG675260_mask.shp,gridcode,-1,-1,C:/Users/Administrator/Documents/GEOG_596/img_output\19TCG690005_mask.shp,gridcode,-1,-1,C:/Users/Administrator/Documents/GEOG_596/img_output\19TCG690020_mask.shp,gridcode,-1,-1,C:/Users/Administrator/Documents/GEOG_596/img_output\19TCG690035_mask.shp,gridcode,-1,-1,C:/Users/Administrator/Documents/GEOG_596/img_output\19TCG690050_mask.shp,gridcode,-1,-1,C:/Users/Administrator/Documents/GEOG_596/img_output\19TCG690065_mask.shp,gridcode,-1,-1,C:/Users/Administrator/Documents/GEOG_596/img_output\19TCG690080_mask.shp,gridcode,-1,-1,C:/Users/Administrator/Documents/GEOG_596/img_output\19TCG690095_mask.shp,gridcode,-1,-1,C:/Users/Administrator/Documents/GEOG_596/img_output\19TCG690110_mask.shp,gridcode,-1,-1,C:/Users/Administrator/Documents/GEOG_596/img_output\19TCG690125_mask.shp,gridcode,-1,-1,C:/Users/Administrator/Documents/GEOG_596/img_output\19TCG690140_mask.shp,gridcode,-1,-1,C:/Users/Administrator/Documents/GEOG_596/img_output\19TCG690155_mask.shp,gridcode,-1,-1,C:/Users/Administrator/Documents/GEOG_596/img_output\19TCG690170_mask.shp,gridcode,-1,-1,C:/Users/Administrator/Documents/GEOG_596/img_output\19TCG690185_mask.shp,gridcode,-1,-1,C:/Users/Administrator/Documents/GEOG_596/img_output\19TCG690230_mask.shp,gridcode,-1,-1,C:/Users/Administrator/Documents/GEOG_596/img_output\19TCG690245_mask.shp,gridcode,-1,-1,C:/Users/Administrator/Documents/GEOG_596/img_output\19TCG690260_mask.shp,gridcode,-1,-1,C:/Users/Administrator/Documents/GEOG_596/img_output\19TCG690275_mask.shp,gridcode,-1,-1,C:/Users/Administrator/Documents/GEOG_596/img_output\19TCG705005_mask.shp,gridcode,-1,-1,C:/Users/Administrator/Documents/GEOG_596/img_output\19TCG705020_mask.shp,gridcode,-1,-1,C:/Users/Administrator/Documents/GEOG_596/img_output\19TCG705035_mask.shp,gridcode,-1,-1,C:/Users/Administrator/Documents/GEOG_596/img_output\19TCG705050_mask.shp,gridcode,-1,-1,C:/Users/Administrator/Documents/GEOG_596/img_output\19TCG705065_mask.shp,gridcode,-1,-1,C:/Users/Administrator/Documents/GEOG_596/img_output\19TCG705080_mask.shp,gridcode,-1,-1,C:/Users/Administrator/Documents/GEOG_596/img_output\19TCG705095_mask.shp,gridcode,-1,-1,C:/Users/Administrator/Documents/GEOG_596/img_output\19TCG705110_mask.shp,gridcode,-1,-1,C:/Users/Administrator/Documents/GEOG_596/img_output\19TCG705140_mask.shp,gridcode,-1,-1,C:/Users/Administrator/Documents/GEOG_596/img_output\19TCG705155_mask.shp,gridcode,-1,-1,C:/Users/Administrator/Documents/GEOG_596/img_output\19TCG705200_mask.shp,gridcode,-1,-1,C:/Users/Administrator/Documents/GEOG_596/img_output\19TCG705245_mask.shp,gridcode,-1,-1,C:/Users/Administrator/Documents/GEOG_596/img_output\19TCG705260_mask.shp,gridcode,-1,-1,C:/Users/Administrator/Documents/GEOG_596/img_output\19TCG705275_mask.shp,gridcode,-1,-1,C:/Users/Administrator/Documents/GEOG_596/img_output\19TCG705290_mask.shp,gridcode,-1,-1,C:/Users/Administrator/Documents/GEOG_596/img_output\19TCG720005_mask.shp,gridcode,-1,-1,C:/Users/Administrator/Documents/GEOG_596/img_output\19TCG720035_mask.shp,gridcode,-1,-1,C:/Users/Administrator/Documents/GEOG_596/img_output\19TCG720050_mask.shp,gridcode,-1,-1,C:/Users/Administrator/Documents/GEOG_596/img_output\19TCG720065_mask.shp,gridcode,-1,-1,C:/Users/Administrator/Documents/GEOG_596/img_output\19TCG720080_mask.shp,gridcode,-1,-1,C:/Users/Administrator/Documents/GEOG_596/img_output\19TCG720095_mask.shp,gridcode,-1,-1,C:/Users/Administrator/Documents/GEOG_596/img_output\19TCG720110_mask.shp,gridcode,-1,-1,C:/Users/Administrator/Documents/GEOG_596/img_output\19TCG720125_mask.shp,gridcode,-1,-1,C:/Users/Administrator/Documents/GEOG_596/img_output\19TCG720140_mask.shp,gridcode,-1,-1,C:/Users/Administrator/Documents/GEOG_596/img_output\19TCG720155_mask.shp,gridcode,-1,-1,C:/Users/Administrator/Documents/GEOG_596/img_output\19TCG720215_mask.shp,gridcode,-1,-1,C:/Users/Administrator/Documents/GEOG_596/img_output\19TCG720230_mask.shp,gridcode,-1,-1,C:/Users/Administrator/Documents/GEOG_596/img_output\19TCG720245_mask.shp,gridcode,-1,-1,C:/Users/Administrator/Documents/GEOG_596/img_output\19TCG720260_mask.shp,gridcode,-1,-1,C:/Users/Administrator/Documents/GEOG_596/img_output\19TCG720275_mask.shp,gridcode,-1,-1,C:/Users/Administrator/Documents/GEOG_596/img_output\19TCG720290_mask.shp,gridcode,-1,-1,C:/Users/Administrator/Documents/GEOG_596/img_output\19TCG735005_mask.shp,gridcode,-1,-1,C:/Users/Administrator/Documents/GEOG_596/img_output\19TCG735020_mask.shp,gridcode,-1,-1,C:/Users/Administrator/Documents/GEOG_596/img_output\19TCG735035_mask.shp,gridcode,-1,-1,C:/Users/Administrator/Documents/GEOG_596/img_output\19TCG735050_mask.shp,gridcode,-1,-1,C:/Users/Administrator/Documents/GEOG_596/img_output\19TCG735065_mask.shp,gridcode,-1,-1,C:/Users/Administrator/Documents/GEOG_596/img_output\19TCG735080_mask.shp,gridcode,-1,-1,C:/Users/Administrator/Documents/GEOG_596/img_output\19TCG735095_mask.shp,gridcode,-1,-1,C:/Users/Administrator/Documents/GEOG_596/img_output\19TCG735110_mask.shp,gridcode,-1,-1,C:/Users/Administrator/Documents/GEOG_596/img_output\19TCG735125_mask.shp,gridcode,-1,-1,C:/Users/Administrator/Documents/GEOG_596/img_output\19TCG735140_mask.shp,gridcode,-1,-1,C:/Users/Administrator/Documents/GEOG_596/img_output\19TCG735155_mask.shp,gridcode,-1,-1,C:/Users/Administrator/Documents/GEOG_596/img_output\19TCG735170_mask.shp,gridcode,-1,-1,C:/Users/Administrator/Documents/GEOG_596/img_output\19TCG735185_mask.shp,gridcode,-1,-1,C:/Users/Administrator/Documents/GEOG_596/img_output\19TCG735200_mask.shp,gridcode,-1,-1,C:/Users/Administrator/Documents/GEOG_596/img_output\19TCG735215_mask.shp,gridcode,-1,-1,C:/Users/Administrator/Documents/GEOG_596/img_output\19TCG735230_mask.shp,gridcode,-1,-1,C:/Users/Administrator/Documents/GEOG_596/img_output\19TCG735245_mask.shp,gridcode,-1,-1,C:/Users/Administrator/Documents/GEOG_596/img_output\19TCG735260_mask.shp,gridcode,-1,-1,C:/Users/Administrator/Documents/GEOG_596/img_output\19TCG735275_mask.shp,gridcode,-1,-1,C:/Users/Administrator/Documents/GEOG_596/img_output\19TCG750005_mask.shp,gridcode,-1,-1,C:/Users/Administrator/Documents/GEOG_596/img_output\19TCG750020_mask.shp,gridcode,-1,-1,C:/Users/Administrator/Documents/GEOG_596/img_output\19TCG750035_mask.shp,gridcode,-1,-1,C:/Users/Administrator/Documents/GEOG_596/img_output\19TCG750050_mask.shp,gridcode,-1,-1,C:/Users/Administrator/Documents/GEOG_596/img_output\19TCG750065_mask.shp,gridcode,-1,-1,C:/Users/Administrator/Documents/GEOG_596/img_output\19TCG750080_mask.shp,gridcode,-1,-1,C:/Users/Administrator/Documents/GEOG_596/img_output\19TCG750095_mask.shp,gridcode,-1,-1,C:/Users/Administrator/Documents/GEOG_596/img_output\19TCG750110_mask.shp,gridcode,-1,-1,C:/Users/Administrator/Documents/GEOG_596/img_output\19TCG750125_mask.shp,gridcode,-1,-1,C:/Users/Administrator/Documents/GEOG_596/img_output\19TCG750140_mask.shp,gridcode,-1,-1,C:/Users/Administrator/Documents/GEOG_596/img_output\19TCG750155_mask.shp,gridcode,-1,-1,C:/Users/Administrator/Documents/GEOG_596/img_output\19TCG750170_mask.shp,gridcode,-1,-1,C:/Users/Administrator/Documents/GEOG_596/img_output\19TCG750185_mask.shp,gridcode,-1,-1,C:/Users/Administrator/Documents/GEOG_596/img_output\19TCG750215_mask.shp,gridcode,-1,-1,C:/Users/Administrator/Documents/GEOG_596/img_output\19TCG750230_mask.shp,gridcode,-1,-1,C:/Users/Administrator/Documents/GEOG_596/img_output\19TCG750245_mask.shp,gridcode,-1,-1,C:/Users/Administrator/Documents/GEOG_596/img_output\19TCG750260_mask.shp,gridcode,-1,-1,C:/Users/Administrator/Documents/GEOG_596/img_output\19TCG765020_mask.shp,gridcode,-1,-1,C:/Users/Administrator/Documents/GEOG_596/img_output\19TCG765035_mask.shp,gridcode,-1,-1,C:/Users/Administrator/Documents/GEOG_596/img_output\19TCG765050_mask.shp,gridcode,-1,-1,C:/Users/Administrator/Documents/GEOG_596/img_output\19TCG765065_mask.shp,gridcode,-1,-1,C:/Users/Administrator/Documents/GEOG_596/img_output\19TCG765080_mask.shp,gridcode,-1,-1,C:/Users/Administrator/Documents/GEOG_596/img_output\19TCG765095_mask.shp,gridcode,-1,-1,C:/Users/Administrator/Documents/GEOG_596/img_output\19TCG765110_mask.shp,gridcode,-1,-1,C:/Users/Administrator/Documents/GEOG_596/img_output\19TCG765125_mask.shp,gridcode,-1,-1,C:/Users/Administrator/Documents/GEOG_596/img_output\19TCG765140_mask.shp,gridcode,-1,-1,C:/Users/Administrator/Documents/GEOG_596/img_output\19TCG765155_mask.shp,gridcode,-1,-1,C:/Users/Administrator/Documents/GEOG_596/img_output\19TCG765170_mask.shp,gridcode,-1,-1,C:/Users/Administrator/Documents/GEOG_596/img_output\19TCG765185_mask.shp,gridcode,-1,-1,C:/Users/Administrator/Documents/GEOG_596/img_output\19TCG765200_mask.shp,gridcode,-1,-1;AREA_SQM "AREA_SQM" true true false 7 Float 2 6,First,#,C:/Users/Administrator/Documents/GEOG_596/img_output\19TCF585975_mask.shp,AREA_SQM,-1,-1,C:/Users/Administrator/Documents/GEOG_596/img_output\19TCF585990_mask.shp,AREA_SQM,-1,-1,C:/Users/Administrator/Documents/GEOG_596/img_output\19TCF600975_mask.shp,AREA_SQM,-1,-1,C:/Users/Administrator/Documents/GEOG_596/img_output\19TCF600990_mask.shp,AREA_SQM,-1,-1,C:/Users/Administrator/Documents/GEOG_596/img_output\19TCF615975_mask.shp,AREA_SQM,-1,-1,C:/Users/Administrator/Documents/GEOG_596/img_output\19TCF615990_mask.shp,AREA_SQM,-1,-1,C:/Users/Administrator/Documents/GEOG_596/img_output\19TCF630990_mask.shp,AREA_SQM,-1,-1,C:/Users/Administrator/Documents/GEOG_596/img_output\19TCF645990_mask.shp,AREA_SQM,-1,-1,C:/Users/Administrator/Documents/GEOG_596/img_output\19TCG615005_mask.shp,AREA_SQM,-1,-1,C:/Users/Administrator/Documents/GEOG_596/img_output\19TCG615020_mask.shp,AREA_SQM,-1,-1,C:/Users/Administrator/Documents/GEOG_596/img_output\19TCG615050_mask.shp,AREA_SQM,-1,-1,C:/Users/Administrator/Documents/GEOG_596/img_output\19TCG615065_mask.shp,AREA_SQM,-1,-1,C:/Users/Administrator/Documents/GEOG_596/img_output\19TCG615080_mask.shp,AREA_SQM,-1,-1,C:/Users/Administrator/Documents/GEOG_596/img_output\19TCG615110_mask.shp,AREA_SQM,-1,-1,C:/Users/Administrator/Documents/GEOG_596/img_output\19TCG615155_mask.shp,AREA_SQM,-1,-1,C:/Users/Administrator/Documents/GEOG_596/img_output\19TCG630005_mask.shp,AREA_SQM,-1,-1,C:/Users/Administrator/Documents/GEOG_596/img_output\19TCG630035_mask.shp,AREA_SQM,-1,-1,C:/Users/Administrator/Documents/GEOG_596/img_output\19TCG630050_mask.shp,AREA_SQM,-1,-1,C:/Users/Administrator/Documents/GEOG_596/img_output\19TCG630065_mask.shp,AREA_SQM,-1,-1,C:/Users/Administrator/Documents/GEOG_596/img_output\19TCG630080_mask.shp,AREA_SQM,-1,-1,C:/Users/Administrator/Documents/GEOG_596/img_output\19TCG630095_mask.shp,AREA_SQM,-1,-1,C:/Users/Administrator/Documents/GEOG_596/img_output\19TCG630110_mask.shp,AREA_SQM,-1,-1,C:/Users/Administrator/Documents/GEOG_596/img_output\19TCG630140_mask.shp,AREA_SQM,-1,-1,C:/Users/Administrator/Documents/GEOG_596/img_output\19TCG630155_mask.shp,AREA_SQM,-1,-1,C:/Users/Administrator/Documents/GEOG_596/img_output\19TCG630170_mask.shp,AREA_SQM,-1,-1,C:/Users/Administrator/Documents/GEOG_596/img_output\19TCG630185_mask.shp,AREA_SQM,-1,-1,C:/Users/Administrator/Documents/GEOG_596/img_output\19TCG630200_mask.shp,AREA_SQM,-1,-1,C:/Users/Administrator/Documents/GEOG_596/img_output\19TCG630245_mask.shp,AREA_SQM,-1,-1,C:/Users/Administrator/Documents/GEOG_596/img_output\19TCG645005_mask.shp,AREA_SQM,-1,-1,C:/Users/Administrator/Documents/GEOG_596/img_output\19TCG645020_mask.shp,AREA_SQM,-1,-1,C:/Users/Administrator/Documents/GEOG_596/img_output\19TCG645035_mask.shp,AREA_SQM,-1,-1,C:/Users/Administrator/Documents/GEOG_596/img_output\19TCG645050_mask.shp,AREA_SQM,-1,-1,C:/Users/Administrator/Documents/GEOG_596/img_output\19TCG645065_mask.shp,AREA_SQM,-1,-1,C:/Users/Administrator/Documents/GEOG_596/img_output\19TCG645080_mask.shp,AREA_SQM,-1,-1,C:/Users/Administrator/Documents/GEOG_596/img_output\19TCG645095_mask.shp,AREA_SQM,-1,-1,C:/Users/Administrator/Documents/GEOG_596/img_output\19TCG645110_mask.shp,AREA_SQM,-1,-1,C:/Users/Administrator/Documents/GEOG_596/img_output\19TCG645125_mask.shp,AREA_SQM,-1,-1,C:/Users/Administrator/Documents/GEOG_596/img_output\19TCG645140_mask.shp,AREA_SQM,-1,-1,C:/Users/Administrator/Documents/GEOG_596/img_output\19TCG645155_mask.shp,AREA_SQM,-1,-1,C:/Users/Administrator/Documents/GEOG_596/img_output\19TCG645170_mask.shp,AREA_SQM,-1,-1,C:/Users/Administrator/Documents/GEOG_596/img_output\19TCG645185_mask.shp,AREA_SQM,-1,-1,C:/Users/Administrator/Documents/GEOG_596/img_output\19TCG645200_mask.shp,AREA_SQM,-1,-1,C:/Users/Administrator/Documents/GEOG_596/img_output\19TCG645215_mask.shp,AREA_SQM,-1,-1,C:/Users/Administrator/Documents/GEOG_596/img_output\19TCG645230_mask.shp,AREA_SQM,-1,-1,C:/Users/Administrator/Documents/GEOG_596/img_output\19TCG645245_mask.shp,AREA_SQM,-1,-1,C:/Users/Administrator/Documents/GEOG_596/img_output\19TCG660005_mask.shp,AREA_SQM,-1,-1,C:/Users/Administrator/Documents/GEOG_596/img_output\19TCG660020_mask.shp,AREA_SQM,-1,-1,C:/Users/Administrator/Documents/GEOG_596/img_output\19TCG660035_mask.shp,AREA_SQM,-1,-1,C:/Users/Administrator/Documents/GEOG_596/img_output\19TCG660050_mask.shp,AREA_SQM,-1,-1,C:/Users/Administrator/Documents/GEOG_596/img_output\19TCG660065_mask.shp,AREA_SQM,-1,-1,C:/Users/Administrator/Documents/GEOG_596/img_output\19TCG660080_mask.shp,AREA_SQM,-1,-1,C:/Users/Administrator/Documents/GEOG_596/img_output\19TCG660095_mask.shp,AREA_SQM,-1,-1,C:/Users/Administrator/Documents/GEOG_596/img_output\19TCG660125_mask.shp,AREA_SQM,-1,-1,C:/Users/Administrator/Documents/GEOG_596/img_output\19TCG660140_mask.shp,AREA_SQM,-1,-1,C:/Users/Administrator/Documents/GEOG_596/img_output\19TCG660155_mask.shp,AREA_SQM,-1,-1,C:/Users/Administrator/Documents/GEOG_596/img_output\19TCG660170_mask.shp,AREA_SQM,-1,-1,C:/Users/Administrator/Documents/GEOG_596/img_output\19TCG660185_mask.shp,AREA_SQM,-1,-1,C:/Users/Administrator/Documents/GEOG_596/img_output\19TCG660200_mask.shp,AREA_SQM,-1,-1,C:/Users/Administrator/Documents/GEOG_596/img_output\19TCG660215_mask.shp,AREA_SQM,-1,-1,C:/Users/Administrator/Documents/GEOG_596/img_output\19TCG660230_mask.shp,AREA_SQM,-1,-1,C:/Users/Administrator/Documents/GEOG_596/img_output\19TCG660245_mask.shp,AREA_SQM,-1,-1,C:/Users/Administrator/Documents/GEOG_596/img_output\19TCG660260_mask.shp,AREA_SQM,-1,-1,C:/Users/Administrator/Documents/GEOG_596/img_output\19TCG675005_mask.shp,AREA_SQM,-1,-1,C:/Users/Administrator/Documents/GEOG_596/img_output\19TCG675020_mask.shp,AREA_SQM,-1,-1,C:/Users/Administrator/Documents/GEOG_596/img_output\19TCG675035_mask.shp,AREA_SQM,-1,-1,C:/Users/Administrator/Documents/GEOG_596/img_output\19TCG675050_mask.shp,AREA_SQM,-1,-1,C:/Users/Administrator/Documents/GEOG_596/img_output\19TCG675065_mask.shp,AREA_SQM,-1,-1,C:/Users/Administrator/Documents/GEOG_596/img_output\19TCG675080_mask.shp,AREA_SQM,-1,-1,C:/Users/Administrator/Documents/GEOG_596/img_output\19TCG675095_mask.shp,AREA_SQM,-1,-1,C:/Users/Administrator/Documents/GEOG_596/img_output\19TCG675110_mask.shp,AREA_SQM,-1,-1,C:/Users/Administrator/Documents/GEOG_596/img_output\19TCG675125_mask.shp,AREA_SQM,-1,-1,C:/Users/Administrator/Documents/GEOG_596/img_output\19TCG675140_mask.shp,AREA_SQM,-1,-1,C:/Users/Administrator/Documents/GEOG_596/img_output\19TCG675155_mask.shp,AREA_SQM,-1,-1,C:/Users/Administrator/Documents/GEOG_596/img_output\19TCG675170_mask.shp,AREA_SQM,-1,-1,C:/Users/Administrator/Documents/GEOG_596/img_output\19TCG675185_mask.shp,AREA_SQM,-1,-1,C:/Users/Administrator/Documents/GEOG_596/img_output\19TCG675200_mask.shp,AREA_SQM,-1,-1,C:/Users/Administrator/Documents/GEOG_596/img_output\19TCG675215_mask.shp,AREA_SQM,-1,-1,C:/Users/Administrator/Documents/GEOG_596/img_output\19TCG675230_mask.shp,AREA_SQM,-1,-1,C:/Users/Administrator/Documents/GEOG_596/img_output\19TCG675245_mask.shp,AREA_SQM,-1,-1,C:/Users/Administrator/Documents/GEOG_596/img_output\19TCG675260_mask.shp,AREA_SQM,-1,-1,C:/Users/Administrator/Documents/GEOG_596/img_output\19TCG690005_mask.shp,AREA_SQM,-1,-1,C:/Users/Administrator/Documents/GEOG_596/img_output\19TCG690020_mask.shp,AREA_SQM,-1,-1,C:/Users/Administrator/Documents/GEOG_596/img_output\19TCG690035_mask.shp,AREA_SQM,-1,-1,C:/Users/Administrator/Documents/GEOG_596/img_output\19TCG690050_mask.shp,AREA_SQM,-1,-1,C:/Users/Administrator/Documents/GEOG_596/img_output\19TCG690065_mask.shp,AREA_SQM,-1,-1,C:/Users/Administrator/Documents/GEOG_596/img_output\19TCG690080_mask.shp,AREA_SQM,-1,-1,C:/Users/Administrator/Documents/GEOG_596/img_output\19TCG690095_mask.shp,AREA_SQM,-1,-1,C:/Users/Administrator/Documents/GEOG_596/img_output\19TCG690110_mask.shp,AREA_SQM,-1,-1,C:/Users/Administrator/Documents/GEOG_596/img_output\19TCG690125_mask.shp,AREA_SQM,-1,-1,C:/Users/Administrator/Documents/GEOG_596/img_output\19TCG690140_mask.shp,AREA_SQM,-1,-1,C:/Users/Administrator/Documents/GEOG_596/img_output\19TCG690155_mask.shp,AREA_SQM,-1,-1,C:/Users/Administrator/Documents/GEOG_596/img_output\19TCG690170_mask.shp,AREA_SQM,-1,-1,C:/Users/Administrator/Documents/GEOG_596/img_output\19TCG690185_mask.shp,AREA_SQM,-1,-1,C:/Users/Administrator/Documents/GEOG_596/img_output\19TCG690230_mask.shp,AREA_SQM,-1,-1,C:/Users/Administrator/Documents/GEOG_596/img_output\19TCG690245_mask.shp,AREA_SQM,-1,-1,C:/Users/Administrator/Documents/GEOG_596/img_output\19TCG690260_mask.shp,AREA_SQM,-1,-1,C:/Users/Administrator/Documents/GEOG_596/img_output\19TCG690275_mask.shp,AREA_SQM,-1,-1,C:/Users/Administrator/Documents/GEOG_596/img_output\19TCG705005_mask.shp,AREA_SQM,-1,-1,C:/Users/Administrator/Documents/GEOG_596/img_output\19TCG705020_mask.shp,AREA_SQM,-1,-1,C:/Users/Administrator/Documents/GEOG_596/img_output\19TCG705035_mask.shp,AREA_SQM,-1,-1,C:/Users/Administrator/Documents/GEOG_596/img_output\19TCG705050_mask.shp,AREA_SQM,-1,-1,C:/Users/Administrator/Documents/GEOG_596/img_output\19TCG705065_mask.shp,AREA_SQM,-1,-1,C:/Users/Administrator/Documents/GEOG_596/img_output\19TCG705080_mask.shp,AREA_SQM,-1,-1,C:/Users/Administrator/Documents/GEOG_596/img_output\19TCG705095_mask.shp,AREA_SQM,-1,-1,C:/Users/Administrator/Documents/GEOG_596/img_output\19TCG705110_mask.shp,AREA_SQM,-1,-1,C:/Users/Administrator/Documents/GEOG_596/img_output\19TCG705140_mask.shp,AREA_SQM,-1,-1,C:/Users/Administrator/Documents/GEOG_596/img_output\19TCG705155_mask.shp,AREA_SQM,-1,-1,C:/Users/Administrator/Documents/GEOG_596/img_output\19TCG705200_mask.shp,AREA_SQM,-1,-1,C:/Users/Administrator/Documents/GEOG_596/img_output\19TCG705245_mask.shp,AREA_SQM,-1,-1,C:/Users/Administrator/Documents/GEOG_596/img_output\19TCG705260_mask.shp,AREA_SQM,-1,-1,C:/Users/Administrator/Documents/GEOG_596/img_output\19TCG705275_mask.shp,AREA_SQM,-1,-1,C:/Users/Administrator/Documents/GEOG_596/img_output\19TCG705290_mask.shp,AREA_SQM,-1,-1,C:/Users/Administrator/Documents/GEOG_596/img_output\19TCG720005_mask.shp,AREA_SQM,-1,-1,C:/Users/Administrator/Documents/GEOG_596/img_output\19TCG720035_mask.shp,AREA_SQM,-1,-1,C:/Users/Administrator/Documents/GEOG_596/img_output\19TCG720050_mask.shp,AREA_SQM,-1,-1,C:/Users/Administrator/Documents/GEOG_596/img_output\19TCG720065_mask.shp,AREA_SQM,-1,-1,C:/Users/Administrator/Documents/GEOG_596/img_output\19TCG720080_mask.shp,AREA_SQM,-1,-1,C:/Users/Administrator/Documents/GEOG_596/img_output\19TCG720095_mask.shp,AREA_SQM,-1,-1,C:/Users/Administrator/Documents/GEOG_596/img_output\19TCG720110_mask.shp,AREA_SQM,-1,-1,C:/Users/Administrator/Documents/GEOG_596/img_output\19TCG720125_mask.shp,AREA_SQM,-1,-1,C:/Users/Administrator/Documents/GEOG_596/img_output\19TCG720140_mask.shp,AREA_SQM,-1,-1,C:/Users/Administrator/Documents/GEOG_596/img_output\19TCG720155_mask.shp,AREA_SQM,-1,-1,C:/Users/Administrator/Documents/GEOG_596/img_output\19TCG720215_mask.shp,AREA_SQM,-1,-1,C:/Users/Administrator/Documents/GEOG_596/img_output\19TCG720230_mask.shp,AREA_SQM,-1,-1,C:/Users/Administrator/Documents/GEOG_596/img_output\19TCG720245_mask.shp,AREA_SQM,-1,-1,C:/Users/Administrator/Documents/GEOG_596/img_output\19TCG720260_mask.shp,AREA_SQM,-1,-1,C:/Users/Administrator/Documents/GEOG_596/img_output\19TCG720275_mask.shp,AREA_SQM,-1,-1,C:/Users/Administrator/Documents/GEOG_596/img_output\19TCG720290_mask.shp,AREA_SQM,-1,-1,C:/Users/Administrator/Documents/GEOG_596/img_output\19TCG735005_mask.shp,AREA_SQM,-1,-1,C:/Users/Administrator/Documents/GEOG_596/img_output\19TCG735020_mask.shp,AREA_SQM,-1,-1,C:/Users/Administrator/Documents/GEOG_596/img_output\19TCG735035_mask.shp,AREA_SQM,-1,-1,C:/Users/Administrator/Documents/GEOG_596/img_output\19TCG735050_mask.shp,AREA_SQM,-1,-1,C:/Users/Administrator/Documents/GEOG_596/img_output\19TCG735065_mask.shp,AREA_SQM,-1,-1,C:/Users/Administrator/Documents/GEOG_596/img_output\19TCG735080_mask.shp,AREA_SQM,-1,-1,C:/Users/Administrator/Documents/GEOG_596/img_output\19TCG735095_mask.shp,AREA_SQM,-1,-1,C:/Users/Administrator/Documents/GEOG_596/img_output\19TCG735110_mask.shp,AREA_SQM,-1,-1,C:/Users/Administrator/Documents/GEOG_596/img_output\19TCG735125_mask.shp,AREA_SQM,-1,-1,C:/Users/Administrator/Documents/GEOG_596/img_output\19TCG735140_mask.shp,AREA_SQM,-1,-1,C:/Users/Administrator/Documents/GEOG_596/img_output\19TCG735155_mask.shp,AREA_SQM,-1,-1,C:/Users/Administrator/Documents/GEOG_596/img_output\19TCG735170_mask.shp,AREA_SQM,-1,-1,C:/Users/Administrator/Documents/GEOG_596/img_output\19TCG735185_mask.shp,AREA_SQM,-1,-1,C:/Users/Administrator/Documents/GEOG_596/img_output\19TCG735200_mask.shp,AREA_SQM,-1,-1,C:/Users/Administrator/Documents/GEOG_596/img_output\19TCG735215_mask.shp,AREA_SQM,-1,-1,C:/Users/Administrator/Documents/GEOG_596/img_output\19TCG735230_mask.shp,AREA_SQM,-1,-1,C:/Users/Administrator/Documents/GEOG_596/img_output\19TCG735245_mask.shp,AREA_SQM,-1,-1,C:/Users/Administrator/Documents/GEOG_596/img_output\19TCG735260_mask.shp,AREA_SQM,-1,-1,C:/Users/Administrator/Documents/GEOG_596/img_output\19TCG735275_mask.shp,AREA_SQM,-1,-1,C:/Users/Administrator/Documents/GEOG_596/img_output\19TCG750005_mask.shp,AREA_SQM,-1,-1,C:/Users/Administrator/Documents/GEOG_596/img_output\19TCG750020_mask.shp,AREA_SQM,-1,-1,C:/Users/Administrator/Documents/GEOG_596/img_output\19TCG750035_mask.shp,AREA_SQM,-1,-1,C:/Users/Administrator/Documents/GEOG_596/img_output\19TCG750050_mask.shp,AREA_SQM,-1,-1,C:/Users/Administrator/Documents/GEOG_596/img_output\19TCG750065_mask.shp,AREA_SQM,-1,-1,C:/Users/Administrator/Documents/GEOG_596/img_output\19TCG750080_mask.shp,AREA_SQM,-1,-1,C:/Users/Administrator/Documents/GEOG_596/img_output\19TCG750095_mask.shp,AREA_SQM,-1,-1,C:/Users/Administrator/Documents/GEOG_596/img_output\19TCG750110_mask.shp,AREA_SQM,-1,-1,C:/Users/Administrator/Documents/GEOG_596/img_output\19TCG750125_mask.shp,AREA_SQM,-1,-1,C:/Users/Administrator/Documents/GEOG_596/img_output\19TCG750140_mask.shp,AREA_SQM,-1,-1,C:/Users/Administrator/Documents/GEOG_596/img_output\19TCG750155_mask.shp,AREA_SQM,-1,-1,C:/Users/Administrator/Documents/GEOG_596/img_output\19TCG750170_mask.shp,AREA_SQM,-1,-1,C:/Users/Administrator/Documents/GEOG_596/img_output\19TCG750185_mask.shp,AREA_SQM,-1,-1,C:/Users/Administrator/Documents/GEOG_596/img_output\19TCG750215_mask.shp,AREA_SQM,-1,-1,C:/Users/Administrator/Documents/GEOG_596/img_output\19TCG750230_mask.shp,AREA_SQM,-1,-1,C:/Users/Administrator/Documents/GEOG_596/img_output\19TCG750245_mask.shp,AREA_SQM,-1,-1,C:/Users/Administrator/Documents/GEOG_596/img_output\19TCG750260_mask.shp,AREA_SQM,-1,-1,C:/Users/Administrator/Documents/GEOG_596/img_output\19TCG765020_mask.shp,AREA_SQM,-1,-1,C:/Users/Administrator/Documents/GEOG_596/img_output\19TCG765035_mask.shp,AREA_SQM,-1,-1,C:/Users/Administrator/Documents/GEOG_596/img_output\19TCG765050_mask.shp,AREA_SQM,-1,-1,C:/Users/Administrator/Documents/GEOG_596/img_output\19TCG765065_mask.shp,AREA_SQM,-1,-1,C:/Users/Administrator/Documents/GEOG_596/img_output\19TCG765080_mask.shp,AREA_SQM,-1,-1,C:/Users/Administrator/Documents/GEOG_596/img_output\19TCG765095_mask.shp,AREA_SQM,-1,-1,C:/Users/Administrator/Documents/GEOG_596/img_output\19TCG765110_mask.shp,AREA_SQM,-1,-1,C:/Users/Administrator/Documents/GEOG_596/img_output\19TCG765125_mask.shp,AREA_SQM,-1,-1,C:/Users/Administrator/Documents/GEOG_596/img_output\19TCG765140_mask.shp,AREA_SQM,-1,-1,C:/Users/Administrator/Documents/GEOG_596/img_output\19TCG765155_mask.shp,AREA_SQM,-1,-1,C:/Users/Administrator/Documents/GEOG_596/img_output\19TCG765170_mask.shp,AREA_SQM,-1,-1,C:/Users/Administrator/Documents/GEOG_596/img_output\19TCG765185_mask.shp,AREA_SQM,-1,-1,C:/Users/Administrator/Documents/GEOG_596/img_output\19TCG765200_mask.shp,AREA_SQM,-1,-1;PA_RATIO "PA_RATIO" true true false 7 Float 2 6,First,#,C:/Users/Administrator/Documents/GEOG_596/img_output\19TCF585975_mask.shp,PA_RATIO,-1,-1,C:/Users/Administrator/Documents/GEOG_596/img_output\19TCF585990_mask.shp,PA_RATIO,-1,-1,C:/Users/Administrator/Documents/GEOG_596/img_output\19TCF600975_mask.shp,PA_RATIO,-1,-1,C:/Users/Administrator/Documents/GEOG_596/img_output\19TCF600990_mask.shp,PA_RATIO,-1,-1,C:/Users/Administrator/Documents/GEOG_596/img_output\19TCF615975_mask.shp,PA_RATIO,-1,-1,C:/Users/Administrator/Documents/GEOG_596/img_output\19TCF615990_mask.shp,PA_RATIO,-1,-1,C:/Users/Administrator/Documents/GEOG_596/img_output\19TCF630990_mask.shp,PA_RATIO,-1,-1,C:/Users/Administrator/Documents/GEOG_596/img_output\19TCF645990_mask.shp,PA_RATIO,-1,-1,C:/Users/Administrator/Documents/GEOG_596/img_output\19TCG615005_mask.shp,PA_RATIO,-1,-1,C:/Users/Administrator/Documents/GEOG_596/img_output\19TCG615020_mask.shp,PA_RATIO,-1,-1,C:/Users/Administrator/Documents/GEOG_596/img_output\19TCG615050_mask.shp,PA_RATIO,-1,-1,C:/Users/Administrator/Documents/GEOG_596/img_output\19TCG615065_mask.shp,PA_RATIO,-1,-1,C:/Users/Administrator/Documents/GEOG_596/img_output\19TCG615080_mask.shp,PA_RATIO,-1,-1,C:/Users/Administrator/Documents/GEOG_596/img_output\19TCG615110_mask.shp,PA_RATIO,-1,-1,C:/Users/Administrator/Documents/GEOG_596/img_output\19TCG615155_mask.shp,PA_RATIO,-1,-1,C:/Users/Administrator/Documents/GEOG_596/img_output\19TCG630005_mask.shp,PA_RATIO,-1,-1,C:/Users/Administrator/Documents/GEOG_596/img_output\19TCG630035_mask.shp,PA_RATIO,-1,-1,C:/Users/Administrator/Documents/GEOG_596/img_output\19TCG630050_mask.shp,PA_RATIO,-1,-1,C:/Users/Administrator/Documents/GEOG_596/img_output\19TCG630065_mask.shp,PA_RATIO,-1,-1,C:/Users/Administrator/Documents/GEOG_596/img_output\19TCG630080_mask.shp,PA_RATIO,-1,-1,C:/Users/Administrator/Documents/GEOG_596/img_output\19TCG630095_mask.shp,PA_RATIO,-1,-1,C:/Users/Administrator/Documents/GEOG_596/img_output\19TCG630110_mask.shp,PA_RATIO,-1,-1,C:/Users/Administrator/Documents/GEOG_596/img_output\19TCG630140_mask.shp,PA_RATIO,-1,-1,C:/Users/Administrator/Documents/GEOG_596/img_output\19TCG630155_mask.shp,PA_RATIO,-1,-1,C:/Users/Administrator/Documents/GEOG_596/img_output\19TCG630170_mask.shp,PA_RATIO,-1,-1,C:/Users/Administrator/Documents/GEOG_596/img_output\19TCG630185_mask.shp,PA_RATIO,-1,-1,C:/Users/Administrator/Documents/GEOG_596/img_output\19TCG630200_mask.shp,PA_RATIO,-1,-1,C:/Users/Administrator/Documents/GEOG_596/img_output\19TCG630245_mask.shp,PA_RATIO,-1,-1,C:/Users/Administrator/Documents/GEOG_596/img_output\19TCG645005_mask.shp,PA_RATIO,-1,-1,C:/Users/Administrator/Documents/GEOG_596/img_output\19TCG645020_mask.shp,PA_RATIO,-1,-1,C:/Users/Administrator/Documents/GEOG_596/img_output\19TCG645035_mask.shp,PA_RATIO,-1,-1,C:/Users/Administrator/Documents/GEOG_596/img_output\19TCG645050_mask.shp,PA_RATIO,-1,-1,C:/Users/Administrator/Documents/GEOG_596/img_output\19TCG645065_mask.shp,PA_RATIO,-1,-1,C:/Users/Administrator/Documents/GEOG_596/img_output\19TCG645080_mask.shp,PA_RATIO,-1,-1,C:/Users/Administrator/Documents/GEOG_596/img_output\19TCG645095_mask.shp,PA_RATIO,-1,-1,C:/Users/Administrator/Documents/GEOG_596/img_output\19TCG645110_mask.shp,PA_RATIO,-1,-1,C:/Users/Administrator/Documents/GEOG_596/img_output\19TCG645125_mask.shp,PA_RATIO,-1,-1,C:/Users/Administrator/Documents/GEOG_596/img_output\19TCG645140_mask.shp,PA_RATIO,-1,-1,C:/Users/Administrator/Documents/GEOG_596/img_output\19TCG645155_mask.shp,PA_RATIO,-1,-1,C:/Users/Administrator/Documents/GEOG_596/img_output\19TCG645170_mask.shp,PA_RATIO,-1,-1,C:/Users/Administrator/Documents/GEOG_596/img_output\19TCG645185_mask.shp,PA_RATIO,-1,-1,C:/Users/Administrator/Documents/GEOG_596/img_output\19TCG645200_mask.shp,PA_RATIO,-1,-1,C:/Users/Administrator/Documents/GEOG_596/img_output\19TCG645215_mask.shp,PA_RATIO,-1,-1,C:/Users/Administrator/Documents/GEOG_596/img_output\19TCG645230_mask.shp,PA_RATIO,-1,-1,C:/Users/Administrator/Documents/GEOG_596/img_output\19TCG645245_mask.shp,PA_RATIO,-1,-1,C:/Users/Administrator/Documents/GEOG_596/img_output\19TCG660005_mask.shp,PA_RATIO,-1,-1,C:/Users/Administrator/Documents/GEOG_596/img_output\19TCG660020_mask.shp,PA_RATIO,-1,-1,C:/Users/Administrator/Documents/GEOG_596/img_output\19TCG660035_mask.shp,PA_RATIO,-1,-1,C:/Users/Administrator/Documents/GEOG_596/img_output\19TCG660050_mask.shp,PA_RATIO,-1,-1,C:/Users/Administrator/Documents/GEOG_596/img_output\19TCG660065_mask.shp,PA_RATIO,-1,-1,C:/Users/Administrator/Documents/GEOG_596/img_output\19TCG660080_mask.shp,PA_RATIO,-1,-1,C:/Users/Administrator/Documents/GEOG_596/img_output\19TCG660095_mask.shp,PA_RATIO,-1,-1,C:/Users/Administrator/Documents/GEOG_596/img_output\19TCG660125_mask.shp,PA_RATIO,-1,-1,C:/Users/Administrator/Documents/GEOG_596/img_output\19TCG660140_mask.shp,PA_RATIO,-1,-1,C:/Users/Administrator/Documents/GEOG_596/img_output\19TCG660155_mask.shp,PA_RATIO,-1,-1,C:/Users/Administrator/Documents/GEOG_596/img_output\19TCG660170_mask.shp,PA_RATIO,-1,-1,C:/Users/Administrator/Documents/GEOG_596/img_output\19TCG660185_mask.shp,PA_RATIO,-1,-1,C:/Users/Administrator/Documents/GEOG_596/img_output\19TCG660200_mask.shp,PA_RATIO,-1,-1,C:/Users/Administrator/Documents/GEOG_596/img_output\19TCG660215_mask.shp,PA_RATIO,-1,-1,C:/Users/Administrator/Documents/GEOG_596/img_output\19TCG660230_mask.shp,PA_RATIO,-1,-1,C:/Users/Administrator/Documents/GEOG_596/img_output\19TCG660245_mask.shp,PA_RATIO,-1,-1,C:/Users/Administrator/Documents/GEOG_596/img_output\19TCG660260_mask.shp,PA_RATIO,-1,-1,C:/Users/Administrator/Documents/GEOG_596/img_output\19TCG675005_mask.shp,PA_RATIO,-1,-1,C:/Users/Administrator/Documents/GEOG_596/img_output\19TCG675020_mask.shp,PA_RATIO,-1,-1,C:/Users/Administrator/Documents/GEOG_596/img_output\19TCG675035_mask.shp,PA_RATIO,-1,-1,C:/Users/Administrator/Documents/GEOG_596/img_output\19TCG675050_mask.shp,PA_RATIO,-1,-1,C:/Users/Administrator/Documents/GEOG_596/img_output\19TCG675065_mask.shp,PA_RATIO,-1,-1,C:/Users/Administrator/Documents/GEOG_596/img_output\19TCG675080_mask.shp,PA_RATIO,-1,-1,C:/Users/Administrator/Documents/GEOG_596/img_output\19TCG675095_mask.shp,PA_RATIO,-1,-1,C:/Users/Administrator/Documents/GEOG_596/img_output\19TCG675110_mask.shp,PA_RATIO,-1,-1,C:/Users/Administrator/Documents/GEOG_596/img_output\19TCG675125_mask.shp,PA_RATIO,-1,-1,C:/Users/Administrator/Documents/GEOG_596/img_output\19TCG675140_mask.shp,PA_RATIO,-1,-1,C:/Users/Administrator/Documents/GEOG_596/img_output\19TCG675155_mask.shp,PA_RATIO,-1,-1,C:/Users/Administrator/Documents/GEOG_596/img_output\19TCG675170_mask.shp,PA_RATIO,-1,-1,C:/Users/Administrator/Documents/GEOG_596/img_output\19TCG675185_mask.shp,PA_RATIO,-1,-1,C:/Users/Administrator/Documents/GEOG_596/img_output\19TCG675200_mask.shp,PA_RATIO,-1,-1,C:/Users/Administrator/Documents/GEOG_596/img_output\19TCG675215_mask.shp,PA_RATIO,-1,-1,C:/Users/Administrator/Documents/GEOG_596/img_output\19TCG675230_mask.shp,PA_RATIO,-1,-1,C:/Users/Administrator/Documents/GEOG_596/img_output\19TCG675245_mask.shp,PA_RATIO,-1,-1,C:/Users/Administrator/Documents/GEOG_596/img_output\19TCG675260_mask.shp,PA_RATIO,-1,-1,C:/Users/Administrator/Documents/GEOG_596/img_output\19TCG690005_mask.shp,PA_RATIO,-1,-1,C:/Users/Administrator/Documents/GEOG_596/img_output\19TCG690020_mask.shp,PA_RATIO,-1,-1,C:/Users/Administrator/Documents/GEOG_596/img_output\19TCG690035_mask.shp,PA_RATIO,-1,-1,C:/Users/Administrator/Documents/GEOG_596/img_output\19TCG690050_mask.shp,PA_RATIO,-1,-1,C:/Users/Administrator/Documents/GEOG_596/img_output\19TCG690065_mask.shp,PA_RATIO,-1,-1,C:/Users/Administrator/Documents/GEOG_596/img_output\19TCG690080_mask.shp,PA_RATIO,-1,-1,C:/Users/Administrator/Documents/GEOG_596/img_output\19TCG690095_mask.shp,PA_RATIO,-1,-1,C:/Users/Administrator/Documents/GEOG_596/img_output\19TCG690110_mask.shp,PA_RATIO,-1,-1,C:/Users/Administrator/Documents/GEOG_596/img_output\19TCG690125_mask.shp,PA_RATIO,-1,-1,C:/Users/Administrator/Documents/GEOG_596/img_output\19TCG690140_mask.shp,PA_RATIO,-1,-1,C:/Users/Administrator/Documents/GEOG_596/img_output\19TCG690155_mask.shp,PA_RATIO,-1,-1,C:/Users/Administrator/Documents/GEOG_596/img_output\19TCG690170_mask.shp,PA_RATIO,-1,-1,C:/Users/Administrator/Documents/GEOG_596/img_output\19TCG690185_mask.shp,PA_RATIO,-1,-1,C:/Users/Administrator/Documents/GEOG_596/img_output\19TCG690230_mask.shp,PA_RATIO,-1,-1,C:/Users/Administrator/Documents/GEOG_596/img_output\19TCG690245_mask.shp,PA_RATIO,-1,-1,C:/Users/Administrator/Documents/GEOG_596/img_output\19TCG690260_mask.shp,PA_RATIO,-1,-1,C:/Users/Administrator/Documents/GEOG_596/img_output\19TCG690275_mask.shp,PA_RATIO,-1,-1,C:/Users/Administrator/Documents/GEOG_596/img_output\19TCG705005_mask.shp,PA_RATIO,-1,-1,C:/Users/Administrator/Documents/GEOG_596/img_output\19TCG705020_mask.shp,PA_RATIO,-1,-1,C:/Users/Administrator/Documents/GEOG_596/img_output\19TCG705035_mask.shp,PA_RATIO,-1,-1,C:/Users/Administrator/Documents/GEOG_596/img_output\19TCG705050_mask.shp,PA_RATIO,-1,-1,C:/Users/Administrator/Documents/GEOG_596/img_output\19TCG705065_mask.shp,PA_RATIO,-1,-1,C:/Users/Administrator/Documents/GEOG_596/img_output\19TCG705080_mask.shp,PA_RATIO,-1,-1,C:/Users/Administrator/Documents/GEOG_596/img_output\19TCG705095_mask.shp,PA_RATIO,-1,-1,C:/Users/Administrator/Documents/GEOG_596/img_output\19TCG705110_mask.shp,PA_RATIO,-1,-1,C:/Users/Administrator/Documents/GEOG_596/img_output\19TCG705140_mask.shp,PA_RATIO,-1,-1,C:/Users/Administrator/Documents/GEOG_596/img_output\19TCG705155_mask.shp,PA_RATIO,-1,-1,C:/Users/Administrator/Documents/GEOG_596/img_output\19TCG705200_mask.shp,PA_RATIO,-1,-1,C:/Users/Administrator/Documents/GEOG_596/img_output\19TCG705245_mask.shp,PA_RATIO,-1,-1,C:/Users/Administrator/Documents/GEOG_596/img_output\19TCG705260_mask.shp,PA_RATIO,-1,-1,C:/Users/Administrator/Documents/GEOG_596/img_output\19TCG705275_mask.shp,PA_RATIO,-1,-1,C:/Users/Administrator/Documents/GEOG_596/img_output\19TCG705290_mask.shp,PA_RATIO,-1,-1,C:/Users/Administrator/Documents/GEOG_596/img_output\19TCG720005_mask.shp,PA_RATIO,-1,-1,C:/Users/Administrator/Documents/GEOG_596/img_output\19TCG720035_mask.shp,PA_RATIO,-1,-1,C:/Users/Administrator/Documents/GEOG_596/img_output\19TCG720050_mask.shp,PA_RATIO,-1,-1,C:/Users/Administrator/Documents/GEOG_596/img_output\19TCG720065_mask.shp,PA_RATIO,-1,-1,C:/Users/Administrator/Documents/GEOG_596/img_output\19TCG720080_mask.shp,PA_RATIO,-1,-1,C:/Users/Administrator/Documents/GEOG_596/img_output\19TCG720095_mask.shp,PA_RATIO,-1,-1,C:/Users/Administrator/Documents/GEOG_596/img_output\19TCG720110_mask.shp,PA_RATIO,-1,-1,C:/Users/Administrator/Documents/GEOG_596/img_output\19TCG720125_mask.shp,PA_RATIO,-1,-1,C:/Users/Administrator/Documents/GEOG_596/img_output\19TCG720140_mask.shp,PA_RATIO,-1,-1,C:/Users/Administrator/Documents/GEOG_596/img_output\19TCG720155_mask.shp,PA_RATIO,-1,-1,C:/Users/Administrator/Documents/GEOG_596/img_output\19TCG720215_mask.shp,PA_RATIO,-1,-1,C:/Users/Administrator/Documents/GEOG_596/img_output\19TCG720230_mask.shp,PA_RATIO,-1,-1,C:/Users/Administrator/Documents/GEOG_596/img_output\19TCG720245_mask.shp,PA_RATIO,-1,-1,C:/Users/Administrator/Documents/GEOG_596/img_output\19TCG720260_mask.shp,PA_RATIO,-1,-1,C:/Users/Administrator/Documents/GEOG_596/img_output\19TCG720275_mask.shp,PA_RATIO,-1,-1,C:/Users/Administrator/Documents/GEOG_596/img_output\19TCG720290_mask.shp,PA_RATIO,-1,-1,C:/Users/Administrator/Documents/GEOG_596/img_output\19TCG735005_mask.shp,PA_RATIO,-1,-1,C:/Users/Administrator/Documents/GEOG_596/img_output\19TCG735020_mask.shp,PA_RATIO,-1,-1,C:/Users/Administrator/Documents/GEOG_596/img_output\19TCG735035_mask.shp,PA_RATIO,-1,-1,C:/Users/Administrator/Documents/GEOG_596/img_output\19TCG735050_mask.shp,PA_RATIO,-1,-1,C:/Users/Administrator/Documents/GEOG_596/img_output\19TCG735065_mask.shp,PA_RATIO,-1,-1,C:/Users/Administrator/Documents/GEOG_596/img_output\19TCG735080_mask.shp,PA_RATIO,-1,-1,C:/Users/Administrator/Documents/GEOG_596/img_output\19TCG735095_mask.shp,PA_RATIO,-1,-1,C:/Users/Administrator/Documents/GEOG_596/img_output\19TCG735110_mask.shp,PA_RATIO,-1,-1,C:/Users/Administrator/Documents/GEOG_596/img_output\19TCG735125_mask.shp,PA_RATIO,-1,-1,C:/Users/Administrator/Documents/GEOG_596/img_output\19TCG735140_mask.shp,PA_RATIO,-1,-1,C:/Users/Administrator/Documents/GEOG_596/img_output\19TCG735155_mask.shp,PA_RATIO,-1,-1,C:/Users/Administrator/Documents/GEOG_596/img_output\19TCG735170_mask.shp,PA_RATIO,-1,-1,C:/Users/Administrator/Documents/GEOG_596/img_output\19TCG735185_mask.shp,PA_RATIO,-1,-1,C:/Users/Administrator/Documents/GEOG_596/img_output\19TCG735200_mask.shp,PA_RATIO,-1,-1,C:/Users/Administrator/Documents/GEOG_596/img_output\19TCG735215_mask.shp,PA_RATIO,-1,-1,C:/Users/Administrator/Documents/GEOG_596/img_output\19TCG735230_mask.shp,PA_RATIO,-1,-1,C:/Users/Administrator/Documents/GEOG_596/img_output\19TCG735245_mask.shp,PA_RATIO,-1,-1,C:/Users/Administrator/Documents/GEOG_596/img_output\19TCG735260_mask.shp,PA_RATIO,-1,-1,C:/Users/Administrator/Documents/GEOG_596/img_output\19TCG735275_mask.shp,PA_RATIO,-1,-1,C:/Users/Administrator/Documents/GEOG_596/img_output\19TCG750005_mask.shp,PA_RATIO,-1,-1,C:/Users/Administrator/Documents/GEOG_596/img_output\19TCG750020_mask.shp,PA_RATIO,-1,-1,C:/Users/Administrator/Documents/GEOG_596/img_output\19TCG750035_mask.shp,PA_RATIO,-1,-1,C:/Users/Administrator/Documents/GEOG_596/img_output\19TCG750050_mask.shp,PA_RATIO,-1,-1,C:/Users/Administrator/Documents/GEOG_596/img_output\19TCG750065_mask.shp,PA_RATIO,-1,-1,C:/Users/Administrator/Documents/GEOG_596/img_output\19TCG750080_mask.shp,PA_RATIO,-1,-1,C:/Users/Administrator/Documents/GEOG_596/img_output\19TCG750095_mask.shp,PA_RATIO,-1,-1,C:/Users/Administrator/Documents/GEOG_596/img_output\19TCG750110_mask.shp,PA_RATIO,-1,-1,C:/Users/Administrator/Documents/GEOG_596/img_output\19TCG750125_mask.shp,PA_RATIO,-1,-1,C:/Users/Administrator/Documents/GEOG_596/img_output\19TCG750140_mask.shp,PA_RATIO,-1,-1,C:/Users/Administrator/Documents/GEOG_596/img_output\19TCG750155_mask.shp,PA_RATIO,-1,-1,C:/Users/Administrator/Documents/GEOG_596/img_output\19TCG750170_mask.shp,PA_RATIO,-1,-1,C:/Users/Administrator/Documents/GEOG_596/img_output\19TCG750185_mask.shp,PA_RATIO,-1,-1,C:/Users/Administrator/Documents/GEOG_596/img_output\19TCG750215_mask.shp,PA_RATIO,-1,-1,C:/Users/Administrator/Documents/GEOG_596/img_output\19TCG750230_mask.shp,PA_RATIO,-1,-1,C:/Users/Administrator/Documents/GEOG_596/img_output\19TCG750245_mask.shp,PA_RATIO,-1,-1,C:/Users/Administrator/Documents/GEOG_596/img_output\19TCG750260_mask.shp,PA_RATIO,-1,-1,C:/Users/Administrator/Documents/GEOG_596/img_output\19TCG765020_mask.shp,PA_RATIO,-1,-1,C:/Users/Administrator/Documents/GEOG_596/img_output\19TCG765035_mask.shp,PA_RATIO,-1,-1,C:/Users/Administrator/Documents/GEOG_596/img_output\19TCG765050_mask.shp,PA_RATIO,-1,-1,C:/Users/Administrator/Documents/GEOG_596/img_output\19TCG765065_mask.shp,PA_RATIO,-1,-1,C:/Users/Administrator/Documents/GEOG_596/img_output\19TCG765080_mask.shp,PA_RATIO,-1,-1,C:/Users/Administrator/Documents/GEOG_596/img_output\19TCG765095_mask.shp,PA_RATIO,-1,-1,C:/Users/Administrator/Documents/GEOG_596/img_output\19TCG765110_mask.shp,PA_RATIO,-1,-1,C:/Users/Administrator/Documents/GEOG_596/img_output\19TCG765125_mask.shp,PA_RATIO,-1,-1,C:/Users/Administrator/Documents/GEOG_596/img_output\19TCG765140_mask.shp,PA_RATIO,-1,-1,C:/Users/Administrator/Documents/GEOG_596/img_output\19TCG765155_mask.shp,PA_RATIO,-1,-1,C:/Users/Administrator/Documents/GEOG_596/img_output\19TCG765170_mask.shp,PA_RATIO,-1,-1,C:/Users/Administrator/Documents/GEOG_596/img_output\19TCG765185_mask.shp,PA_RATIO,-1,-1,C:/Users/Administrator/Documents/GEOG_596/img_output\19TCG765200_mask.shp,PA_RATIO,-1,-1" NO_SOURCE_INFO</Process><Process ToolSource="c:\program files\arcgis\pro\Resources\ArcToolbox\toolboxes\Data Management Tools.tbx\Merge" Date="20230613" Time="225634">Merge Barnstable_2021_200_24_img;Barnstable_2021_400_24_img;Barnstable_2021_649_24_img;Berkshire_2021_1000_24_img;Berkshire_2021_1183_24_img;Berkshire_2021_200_24_img;Berkshire_2021_400_24_img;Berkshire_2021_600_24_img;Berkshire_2021_800_24_img;Bristol_2021_24_200_img;Bristol_2021_24_400_img;Bristol_2021_24_600_img;Bristol_2021_24_779_img;Dukes_2021_207_24_img;Essex_2021_24_200_img;Essex_2021_24_400_img;Essex_2021_24_720_img;Franklin_2021_200_24_img;Franklin_2021_400_24_img;Franklin_2021_600_24_img;Franklin_2021_800_24_img;Franklin_2021_902_24_img;Hampden_2021_200_24_img;Hampden_2021_400_24_img;Hampden_2021_600_24_img;Hampden_2021_828_24_img;Hampshire_2021_200_24_img;Hampshire_2021_400_24_img;Hampshire_2021_600_24_img;Hampshire_2021_732_24_img;Middlesex_2021_24_1075_img;Middlesex_2021_24_1099_img;Middlesex_2021_24_200_img;Middlesex_2021_24_400_img;Middlesex_2021_24_600_img;Middlesex_2021_24_800_img;Middlesex_2021_24_Merge_filter;Nantucket_2021_107_24_img;Norfolk_2021_24_200_img;Norfolk_2021_24_400_img;Norfolk_2021_24_559_img;Plymouth_2021_200_24_img;Plymouth_2021_400_24_img;Plymouth_2021_600_24_img;Plymouth_2021_800_24_img;Plymouth_2021_935_24_img;Suffolk_2021_136_559_img;Worcester_2021_1000_24_19_img;Worcester_2021_1200_24_19_img;Worcester_2021_1292_24_19_img;Worcester_2021_200_24_18_img;Worcester_2021_200_24_19_img;Worcester_2021_400_24_18_img;Worcester_2021_400_24_19_img;Worcester_2021_600_24_18_img;Worcester_2021_600_24_19_img;Worcester_2021_800_24_19_img;Worcester_2021_802_24_18_img C:\Users\Administrator\Documents\ArcGIS\Projects\MA_Solar_Arrays\MA_Solar_Arrays.gdb\MA_Solar_Arrays_1 "Id "Id" true true false 10 Long 0 10,First,#,Barnstable_2021_200_24_img,Id,-1,-1,Barnstable_2021_400_24_img,Id,-1,-1,Barnstable_2021_649_24_img,Id,-1,-1,Berkshire_2021_1000_24_img,Id,-1,-1,Berkshire_2021_1183_24_img,Id,-1,-1,Berkshire_2021_200_24_img,Id,-1,-1,Berkshire_2021_400_24_img,Id,-1,-1,Berkshire_2021_600_24_img,Id,-1,-1,Berkshire_2021_800_24_img,Id,-1,-1,Bristol_2021_24_200_img,Id,-1,-1,Bristol_2021_24_400_img,Id,-1,-1,Bristol_2021_24_600_img,Id,-1,-1,Bristol_2021_24_779_img,Id,-1,-1,Dukes_2021_207_24_img,Id,-1,-1,Essex_2021_24_200_img,Id,-1,-1,Essex_2021_24_400_img,Id,-1,-1,Essex_2021_24_720_img,Id,-1,-1,Franklin_2021_200_24_img,Id,-1,-1,Franklin_2021_400_24_img,Id,-1,-1,Franklin_2021_600_24_img,Id,-1,-1,Franklin_2021_800_24_img,Id,-1,-1,Franklin_2021_902_24_img,Id,-1,-1,Hampden_2021_200_24_img,Id,-1,-1,Hampden_2021_400_24_img,Id,-1,-1,Hampden_2021_600_24_img,Id,-1,-1,Hampden_2021_828_24_img,Id,-1,-1,Hampshire_2021_200_24_img,Id,-1,-1,Hampshire_2021_400_24_img,Id,-1,-1,Hampshire_2021_600_24_img,Id,-1,-1,Hampshire_2021_732_24_img,Id,-1,-1,Middlesex_2021_24_1075_img,Id,-1,-1,Middlesex_2021_24_1099_img,Id,-1,-1,Middlesex_2021_24_200_img,Id,-1,-1,Middlesex_2021_24_400_img,Id,-1,-1,Middlesex_2021_24_600_img,Id,-1,-1,Middlesex_2021_24_800_img,Id,-1,-1,Middlesex_2021_24_Merge_filter,Id,-1,-1,Nantucket_2021_107_24_img,Id,-1,-1,Norfolk_2021_24_200_img,Id,-1,-1,Norfolk_2021_24_400_img,Id,-1,-1,Norfolk_2021_24_559_img,Id,-1,-1,Plymouth_2021_200_24_img,Id,-1,-1,Plymouth_2021_400_24_img,Id,-1,-1,Plymouth_2021_600_24_img,Id,-1,-1,Plymouth_2021_800_24_img,Id,-1,-1,Plymouth_2021_935_24_img,Id,-1,-1,Suffolk_2021_136_559_img,Id,-1,-1,Worcester_2021_1000_24_19_img,Id,-1,-1,Worcester_2021_1200_24_19_img,Id,-1,-1,Worcester_2021_1292_24_19_img,Id,-1,-1,Worcester_2021_200_24_18_img,Id,-1,-1,Worcester_2021_200_24_19_img,Id,-1,-1,Worcester_2021_400_24_18_img,Id,-1,-1,Worcester_2021_400_24_19_img,Id,-1,-1,Worcester_2021_600_24_18_img,Id,-1,-1,Worcester_2021_600_24_19_img,Id,-1,-1,Worcester_2021_800_24_19_img,Id,-1,-1,Worcester_2021_802_24_18_img,Id,-1,-1;gridcode "gridcode" true true false 10 Long 0 10,First,#,Barnstable_2021_200_24_img,gridcode,-1,-1,Barnstable_2021_400_24_img,gridcode,-1,-1,Barnstable_2021_649_24_img,gridcode,-1,-1,Berkshire_2021_1000_24_img,gridcode,-1,-1,Berkshire_2021_1183_24_img,gridcode,-1,-1,Berkshire_2021_200_24_img,gridcode,-1,-1,Berkshire_2021_400_24_img,gridcode,-1,-1,Berkshire_2021_600_24_img,gridcode,-1,-1,Berkshire_2021_800_24_img,gridcode,-1,-1,Bristol_2021_24_200_img,gridcode,-1,-1,Bristol_2021_24_400_img,gridcode,-1,-1,Bristol_2021_24_600_img,gridcode,-1,-1,Bristol_2021_24_779_img,gridcode,-1,-1,Dukes_2021_207_24_img,gridcode,-1,-1,Essex_2021_24_200_img,gridcode,-1,-1,Essex_2021_24_400_img,gridcode,-1,-1,Essex_2021_24_720_img,gridcode,-1,-1,Franklin_2021_200_24_img,gridcode,-1,-1,Franklin_2021_400_24_img,gridcode,-1,-1,Franklin_2021_600_24_img,gridcode,-1,-1,Franklin_2021_800_24_img,gridcode,-1,-1,Franklin_2021_902_24_img,gridcode,-1,-1,Hampden_2021_200_24_img,gridcode,-1,-1,Hampden_2021_400_24_img,gridcode,-1,-1,Hampden_2021_600_24_img,gridcode,-1,-1,Hampden_2021_828_24_img,gridcode,-1,-1,Hampshire_2021_200_24_img,gridcode,-1,-1,Hampshire_2021_400_24_img,gridcode,-1,-1,Hampshire_2021_600_24_img,gridcode,-1,-1,Hampshire_2021_732_24_img,gridcode,-1,-1,Middlesex_2021_24_1075_img,gridcode,-1,-1,Middlesex_2021_24_1099_img,gridcode,-1,-1,Middlesex_2021_24_200_img,gridcode,-1,-1,Middlesex_2021_24_400_img,gridcode,-1,-1,Middlesex_2021_24_600_img,gridcode,-1,-1,Middlesex_2021_24_800_img,gridcode,-1,-1,Middlesex_2021_24_Merge_filter,gridcode,-1,-1,Nantucket_2021_107_24_img,gridcode,-1,-1,Norfolk_2021_24_200_img,gridcode,-1,-1,Norfolk_2021_24_400_img,gridcode,-1,-1,Norfolk_2021_24_559_img,gridcode,-1,-1,Plymouth_2021_200_24_img,gridcode,-1,-1,Plymouth_2021_400_24_img,gridcode,-1,-1,Plymouth_2021_600_24_img,gridcode,-1,-1,Plymouth_2021_800_24_img,gridcode,-1,-1,Plymouth_2021_935_24_img,gridcode,-1,-1,Suffolk_2021_136_559_img,gridcode,-1,-1,Worcester_2021_1000_24_19_img,gridcode,-1,-1,Worcester_2021_1200_24_19_img,gridcode,-1,-1,Worcester_2021_1292_24_19_img,gridcode,-1,-1,Worcester_2021_200_24_18_img,gridcode,-1,-1,Worcester_2021_200_24_19_img,gridcode,-1,-1,Worcester_2021_400_24_18_img,gridcode,-1,-1,Worcester_2021_400_24_19_img,gridcode,-1,-1,Worcester_2021_600_24_18_img,gridcode,-1,-1,Worcester_2021_600_24_19_img,gridcode,-1,-1,Worcester_2021_800_24_19_img,gridcode,-1,-1,Worcester_2021_802_24_18_img,gridcode,-1,-1;AREA_SQM "AREA_SQM" true true false 7 Float 2 6,First,#,Barnstable_2021_200_24_img,AREA_SQM,-1,-1,Barnstable_2021_400_24_img,AREA_SQM,-1,-1,Barnstable_2021_649_24_img,AREA_SQM,-1,-1,Berkshire_2021_1000_24_img,AREA_SQM,-1,-1,Berkshire_2021_1183_24_img,AREA_SQM,-1,-1,Berkshire_2021_200_24_img,AREA_SQM,-1,-1,Berkshire_2021_400_24_img,AREA_SQM,-1,-1,Berkshire_2021_600_24_img,AREA_SQM,-1,-1,Berkshire_2021_800_24_img,AREA_SQM,-1,-1,Bristol_2021_24_200_img,AREA_SQM,-1,-1,Bristol_2021_24_400_img,AREA_SQM,-1,-1,Bristol_2021_24_600_img,AREA_SQM,-1,-1,Bristol_2021_24_779_img,AREA_SQM,-1,-1,Dukes_2021_207_24_img,AREA_SQM,-1,-1,Essex_2021_24_200_img,AREA_SQM,-1,-1,Essex_2021_24_400_img,AREA_SQM,-1,-1,Essex_2021_24_720_img,AREA_SQM,-1,-1,Franklin_2021_200_24_img,AREA_SQM,-1,-1,Franklin_2021_400_24_img,AREA_SQM,-1,-1,Franklin_2021_600_24_img,AREA_SQM,-1,-1,Franklin_2021_800_24_img,AREA_SQM,-1,-1,Franklin_2021_902_24_img,AREA_SQM,-1,-1,Hampden_2021_200_24_img,AREA_SQM,-1,-1,Hampden_2021_400_24_img,AREA_SQM,-1,-1,Hampden_2021_600_24_img,AREA_SQM,-1,-1,Hampden_2021_828_24_img,AREA_SQM,-1,-1,Hampshire_2021_200_24_img,AREA_SQM,-1,-1,Hampshire_2021_400_24_img,AREA_SQM,-1,-1,Hampshire_2021_600_24_img,AREA_SQM,-1,-1,Hampshire_2021_732_24_img,AREA_SQM,-1,-1,Middlesex_2021_24_1075_img,AREA_SQM,-1,-1,Middlesex_2021_24_1099_img,AREA_SQM,-1,-1,Middlesex_2021_24_200_img,AREA_SQM,-1,-1,Middlesex_2021_24_400_img,AREA_SQM,-1,-1,Middlesex_2021_24_600_img,AREA_SQM,-1,-1,Middlesex_2021_24_800_img,AREA_SQM,-1,-1,Middlesex_2021_24_Merge_filter,AREA_SQM,-1,-1,Nantucket_2021_107_24_img,AREA_SQM,-1,-1,Norfolk_2021_24_200_img,AREA_SQM,-1,-1,Norfolk_2021_24_400_img,AREA_SQM,-1,-1,Norfolk_2021_24_559_img,AREA_SQM,-1,-1,Plymouth_2021_200_24_img,AREA_SQM,-1,-1,Plymouth_2021_400_24_img,AREA_SQM,-1,-1,Plymouth_2021_600_24_img,AREA_SQM,-1,-1,Plymouth_2021_800_24_img,AREA_SQM,-1,-1,Plymouth_2021_935_24_img,AREA_SQM,-1,-1,Suffolk_2021_136_559_img,AREA_SQM,-1,-1,Worcester_2021_1000_24_19_img,AREA_SQM,-1,-1,Worcester_2021_1200_24_19_img,AREA_SQM,-1,-1,Worcester_2021_1292_24_19_img,AREA_SQM,-1,-1,Worcester_2021_200_24_18_img,AREA_SQM,-1,-1,Worcester_2021_200_24_19_img,AREA_SQM,-1,-1,Worcester_2021_400_24_18_img,AREA_SQM,-1,-1,Worcester_2021_400_24_19_img,AREA_SQM,-1,-1,Worcester_2021_600_24_18_img,AREA_SQM,-1,-1,Worcester_2021_600_24_19_img,AREA_SQM,-1,-1,Worcester_2021_800_24_19_img,AREA_SQM,-1,-1,Worcester_2021_802_24_18_img,AREA_SQM,-1,-1;PA_RATIO "PA_RATIO" true true false 7 Float 2 6,First,#,Barnstable_2021_200_24_img,PA_RATIO,-1,-1,Barnstable_2021_400_24_img,PA_RATIO,-1,-1,Barnstable_2021_649_24_img,PA_RATIO,-1,-1,Berkshire_2021_1000_24_img,PA_RATIO,-1,-1,Berkshire_2021_1183_24_img,PA_RATIO,-1,-1,Berkshire_2021_200_24_img,PA_RATIO,-1,-1,Berkshire_2021_400_24_img,PA_RATIO,-1,-1,Berkshire_2021_600_24_img,PA_RATIO,-1,-1,Berkshire_2021_800_24_img,PA_RATIO,-1,-1,Bristol_2021_24_200_img,PA_RATIO,-1,-1,Bristol_2021_24_400_img,PA_RATIO,-1,-1,Bristol_2021_24_600_img,PA_RATIO,-1,-1,Bristol_2021_24_779_img,PA_RATIO,-1,-1,Dukes_2021_207_24_img,PA_RATIO,-1,-1,Essex_2021_24_200_img,PA_RATIO,-1,-1,Essex_2021_24_400_img,PA_RATIO,-1,-1,Essex_2021_24_720_img,PA_RATIO,-1,-1,Franklin_2021_200_24_img,PA_RATIO,-1,-1,Franklin_2021_400_24_img,PA_RATIO,-1,-1,Franklin_2021_600_24_img,PA_RATIO,-1,-1,Franklin_2021_800_24_img,PA_RATIO,-1,-1,Franklin_2021_902_24_img,PA_RATIO,-1,-1,Hampden_2021_200_24_img,PA_RATIO,-1,-1,Hampden_2021_400_24_img,PA_RATIO,-1,-1,Hampden_2021_600_24_img,PA_RATIO,-1,-1,Hampden_2021_828_24_img,PA_RATIO,-1,-1,Hampshire_2021_200_24_img,PA_RATIO,-1,-1,Hampshire_2021_400_24_img,PA_RATIO,-1,-1,Hampshire_2021_600_24_img,PA_RATIO,-1,-1,Hampshire_2021_732_24_img,PA_RATIO,-1,-1,Middlesex_2021_24_1075_img,PA_RATIO,-1,-1,Middlesex_2021_24_1099_img,PA_RATIO,-1,-1,Middlesex_2021_24_200_img,PA_RATIO,-1,-1,Middlesex_2021_24_400_img,PA_RATIO,-1,-1,Middlesex_2021_24_600_img,PA_RATIO,-1,-1,Middlesex_2021_24_800_img,PA_RATIO,-1,-1,Middlesex_2021_24_Merge_filter,PA_RATIO,-1,-1,Nantucket_2021_107_24_img,PA_RATIO,-1,-1,Norfolk_2021_24_200_img,PA_RATIO,-1,-1,Norfolk_2021_24_400_img,PA_RATIO,-1,-1,Norfolk_2021_24_559_img,PA_RATIO,-1,-1,Plymouth_2021_200_24_img,PA_RATIO,-1,-1,Plymouth_2021_400_24_img,PA_RATIO,-1,-1,Plymouth_2021_600_24_img,PA_RATIO,-1,-1,Plymouth_2021_800_24_img,PA_RATIO,-1,-1,Plymouth_2021_935_24_img,PA_RATIO,-1,-1,Suffolk_2021_136_559_img,PA_RATIO,-1,-1,Worcester_2021_1000_24_19_img,PA_RATIO,-1,-1,Worcester_2021_1200_24_19_img,PA_RATIO,-1,-1,Worcester_2021_1292_24_19_img,PA_RATIO,-1,-1,Worcester_2021_200_24_18_img,PA_RATIO,-1,-1,Worcester_2021_200_24_19_img,PA_RATIO,-1,-1,Worcester_2021_400_24_18_img,PA_RATIO,-1,-1,Worcester_2021_400_24_19_img,PA_RATIO,-1,-1,Worcester_2021_600_24_18_img,PA_RATIO,-1,-1,Worcester_2021_600_24_19_img,PA_RATIO,-1,-1,Worcester_2021_800_24_19_img,PA_RATIO,-1,-1,Worcester_2021_802_24_18_img,PA_RATIO,-1,-1;Shape_Leng "Shape_Leng" true true false 8 Double 0 0,First,#,Middlesex_2021_24_Merge_filter,Shape_Leng,-1,-1;Shape_Area "Shape_Area" false true true 8 Double 0 0,First,#,Middlesex_2021_24_Merge_filter,Shape_Area,-1,-1" NO_SOURCE_INFO</Process><Process ToolSource="c:\program files\arcgis\pro\Resources\ArcToolbox\toolboxes\Data Management Tools.tbx\UpdateSchema" Date="20230613" Time="233038">UpdateSchema "CIMDATA=&lt;CIMStandardDataConnection xsi:type='typens:CIMStandardDataConnection' xmlns:xsi='http://www.w3.org/2001/XMLSchema-instance' xmlns:xs='http://www.w3.org/2001/XMLSchema' xmlns:typens='http://www.esri.com/schemas/ArcGIS/2.9.0'&gt;&lt;WorkspaceConnectionString&gt;DATABASE=C:\Users\Administrator\Documents\ArcGIS\Projects\MA_Solar_Arrays\MA_Solar_Arrays.gdb&lt;/WorkspaceConnectionString&gt;&lt;WorkspaceFactory&gt;FileGDB&lt;/WorkspaceFactory&gt;&lt;Dataset&gt;MA_Solar_Arrays_1&lt;/Dataset&gt;&lt;DatasetType&gt;esriDTFeatureClass&lt;/DatasetType&gt;&lt;/CIMStandardDataConnection&gt;" &lt;operationSequence&gt;&lt;workflow&gt;&lt;AddField&gt;&lt;field_name&gt;PA_RAT&lt;/field_name&gt;&lt;field_type&gt;LONG&lt;/field_type&gt;&lt;field_alias&gt;PA_RAT&lt;/field_alias&gt;&lt;field_is_nullable&gt;True&lt;/field_is_nullable&gt;&lt;field_is_required&gt;False&lt;/field_is_required&gt;&lt;/AddField&gt;&lt;/workflow&gt;&lt;/operationSequence&gt;</Process><Process ToolSource="c:\program files\arcgis\pro\Resources\ArcToolbox\toolboxes\Data Management Tools.tbx\DeleteField" Date="20230613" Time="233104">DeleteField MA_Solar_Arrays_1 PA_RAT "Delete Fields"</Process><Process ToolSource="c:\program files\arcgis\pro\Resources\ArcToolbox\toolboxes\Data Management Tools.tbx\FeatureVerticesToPoints" Date="20230626" Time="204054">FeatureVerticesToPoints MA_Solar_Arrays_1 C:\Users\Administrator\Documents\ArcGIS\Projects\MA_Solar_Arrays\MA_Solar_Arrays.gdb\MA_Solar_Arrays_1_FeatureVer "All vertices"</Process><Process ToolSource="c:\program files\arcgis\pro\Resources\ArcToolbox\toolboxes\Cartography Tools.tbx\AggregatePoints" Date="20230626" Time="204856">AggregatePoints MA_Solar_Arrays_1_FeatureVer C:\Users\Administrator\Documents\ArcGIS\Projects\MA_Solar_Arrays\MA_Solar_Arrays.gdb\MA_Solar_Arrays_1_FeatureVer1 "10 Meters"</Process><Process ToolSource="c:\program files\arcgis\pro\Resources\ArcToolbox\toolboxes\Conversion Tools.tbx\FeatureClassToFeatureClass" Date="20230626" Time="205111">FeatureClassToFeatureClass MA_Solar_Arrays_1_FeatureVer1 C:\Users\Administrator\Documents\ArcGIS\Projects\MA_Solar_Arrays\MA_Solar_Arrays.gdb MA_Solar_Arrays_filtered_footprints_1000 # "Shape_Length "Shape_Length" false true true 8 Double 0 0,First,#,MA_Solar_Arrays_1_FeatureVer1,Shape_Length,-1,-1;Shape_Area "Shape_Area" false true true 8 Double 0 0,First,#,MA_Solar_Arrays_1_FeatureVer1,Shape_Area,-1,-1" #</Process><Process ToolSource="c:\program files\arcgis\pro\Resources\ArcToolbox\toolboxes\Data Management Tools.tbx\FeatureToPoint" Date="20230626" Time="212248">FeatureToPoint MA_Solar_Arrays_filtered_footprints_1000 C:\Users\Administrator\Documents\ArcGIS\Projects\MA_Solar_Arrays\MA_Solar_Arrays.gdb\MA_Solar_Arrays_filtered_3 CENTROID</Process><Process ToolSource="c:\program files\arcgis\pro\Resources\ArcToolbox\toolboxes\Data Management Tools.tbx\CopyFeatures" Date="20230630" Time="015552">CopyFeatures MA_Solar_Arrays_filtered_centroids_1000 C:\Users\Administrator\Documents\ArcGIS\Projects\MA_Solar_Arrays\MA_Solar_Array_Detection_Project_2021\MA_Solar_Arrays_filtered_centroids_1000.shp # # # #</Process></lineage><itemProps><itemName Sync="TRUE">MA_Solar_Arrays_filtered_centroids_1000</itemName><imsContentType Sync="TRUE">002</imsContentType><itemSize Sync="TRUE">0.000</itemSize><itemLocation><linkage Sync="TRUE">file://\\EC2AMAZ-3CKMBN5\C$\Users\Administrator\Documents\ArcGIS\Projects\MA_Solar_Arrays\MA_Solar_Array_Detection_Project_2021\MA_Solar_Arrays_filtered_centroids_1000.shp</linkage><protocol Sync="TRUE">Local Area Network</protocol></itemLocation></itemProps><coordRef><type Sync="TRUE">Projected</type><geogcsn Sync="TRUE">GCS_NAD_1983_2011</geogcsn><csUnits Sync="TRUE">Linear Unit: Meter (1.000000)</csUnits><projcsn Sync="TRUE">NAD_1983_2011_UTM_Zone_19N</projcsn><peXml Sync="TRUE">&lt;ProjectedCoordinateSystem xsi:type='typens:ProjectedCoordinateSystem' xmlns:xsi='http://www.w3.org/2001/XMLSchema-instance' xmlns:xs='http://www.w3.org/2001/XMLSchema' xmlns:typens='http://www.esri.com/schemas/ArcGIS/2.9.0'&gt;&lt;WKT&gt;PROJCS[&amp;quot;NAD_1983_2011_UTM_Zone_19N&amp;quot;,GEOGCS[&amp;quot;GCS_NAD_1983_2011&amp;quot;,DATUM[&amp;quot;D_NAD_1983_2011&amp;quot;,SPHEROID[&amp;quot;GRS_1980&amp;quot;,6378137.0,298.257222101]],PRIMEM[&amp;quot;Greenwich&amp;quot;,0.0],UNIT[&amp;quot;Degree&amp;quot;,0.0174532925199433]],PROJECTION[&amp;quot;Transverse_Mercator&amp;quot;],PARAMETER[&amp;quot;False_Easting&amp;quot;,500000.0],PARAMETER[&amp;quot;False_Northing&amp;quot;,0.0],PARAMETER[&amp;quot;Central_Meridian&amp;quot;,-69.0],PARAMETER[&amp;quot;Scale_Factor&amp;quot;,0.9996],PARAMETER[&amp;quot;Latitude_Of_Origin&amp;quot;,0.0],UNIT[&amp;quot;Meter&amp;quot;,1.0],AUTHORITY[&amp;quot;EPSG&amp;quot;,6348]]&lt;/WKT&gt;&lt;XOrigin&gt;-5120900&lt;/XOrigin&gt;&lt;YOrigin&gt;-9998100&lt;/YOrigin&gt;&lt;XYScale&gt;450445547.3910538&lt;/XYScale&gt;&lt;ZOrigin&gt;-100000&lt;/ZOrigin&gt;&lt;ZScale&gt;10000&lt;/ZScale&gt;&lt;MOrigin&gt;-100000&lt;/MOrigin&gt;&lt;MScale&gt;10000&lt;/MScale&gt;&lt;XYTolerance&gt;0.001&lt;/XYTolerance&gt;&lt;ZTolerance&gt;0.001&lt;/ZTolerance&gt;&lt;MTolerance&gt;0.001&lt;/MTolerance&gt;&lt;HighPrecision&gt;true&lt;/HighPrecision&gt;&lt;WKID&gt;102388&lt;/WKID&gt;&lt;LatestWKID&gt;6348&lt;/LatestWKID&gt;&lt;/ProjectedCoordinateSystem&gt;</peXml></coordRef></DataProperties><SyncDate>20230630</SyncDate><SyncTime>01555200</SyncTime><ModDate>20230630</ModDate><ModTime>01555200</ModTime></Esri><dataIdInfo><envirDesc Sync="TRUE">Microsoft Windows Server 2016 Technical Preview Version 10.0 (Build 17763) ; Esri ArcGIS 12.9.0.32739</envirDesc><dataLang><languageCode value="eng" Sync="TRUE"></languageCode><countryCode value="USA" Sync="TRUE"></countryCode></dataLang><idCitation><resTitle Sync="TRUE">MA_Solar_Arrays_filtered_centroids_1000</resTitle><presForm><PresFormCd value="005" Sync="TRUE"></PresFormCd></presForm></idCitation><spatRpType><SpatRepTypCd value="001" Sync="TRUE"></SpatRepTypCd></spatRpType></dataIdInfo><mdLang><languageCode value="eng" Sync="TRUE"></languageCode><countryCode value="USA" Sync="TRUE"></countryCode></mdLang><mdChar><CharSetCd value="004" Sync="TRUE"></CharSetCd></mdChar><distInfo><distFormat><formatName Sync="TRUE">Shapefile</formatName></distFormat><distTranOps><transSize Sync="TRUE">0.000</transSize></distTranOps></distInfo><mdHrLv><ScopeCd value="005" Sync="TRUE"></ScopeCd></mdHrLv><mdHrLvName Sync="TRUE">dataset</mdHrLvName><refSysInfo><RefSystem><refSysID><identCode code="6348" Sync="TRUE"></identCode><idCodeSpace Sync="TRUE">EPSG</idCodeSpace><idVersion Sync="TRUE">8.2.2(10.2.1)</idVersion></refSysID></RefSystem></refSysInfo><spatRepInfo><VectSpatRep><geometObjs Name="MA_Solar_Arrays_filtered_centroids_1000"><geoObjTyp><GeoObjTypCd value="004" Sync="TRUE"></GeoObjTypCd></geoObjTyp><geoObjCnt Sync="TRUE">0</geoObjCnt></geometObjs><topLvl><TopoLevCd value="001" Sync="TRUE"></TopoLevCd></topLvl></VectSpatRep></spatRepInfo><spdoinfo><ptvctinf><esriterm Name="MA_Solar_Arrays_filtered_centroids_1000"><efeatyp Sync="TRUE">Simple</efeatyp><efeageom code="1" Sync="TRUE"></efeageom><esritopo Sync="TRUE">FALSE</esritopo><efeacnt Sync="TRUE">0</efeacnt><spindex Sync="TRUE">FALSE</spindex><linrefer Sync="TRUE">FALSE</linrefer></esriterm></ptvctinf></spdoinfo><eainfo><detailed Name="MA_Solar_Arrays_filtered_centroids_1000"><enttyp><enttypl Sync="TRUE">MA_Solar_Arrays_filtered_centroids_1000</enttypl><enttypt Sync="TRUE">Feature Class</enttypt><enttypc Sync="TRUE">0</enttypc></enttyp><attr><attrlabl Sync="TRUE">FID</attrlabl><attalias Sync="TRUE">FID</attalias><attrtype Sync="TRUE">OID</attrtype><attwidth Sync="TRUE">4</attwidth><atprecis Sync="TRUE">0</atprecis><attscale Sync="TRUE">0</attscale><attrdef Sync="TRUE">Internal feature number.</attrdef><attrdefs Sync="TRUE">Esri</attrdefs><attrdomv><udom Sync="TRUE">Sequential unique whole numbers that are automatically generated.</udom></attrdomv></attr><attr><attrlabl Sync="TRUE">Shape</attrlabl><attalias Sync="TRUE">Shape</attalias><attrtype Sync="TRUE">Geometry</attrtype><attwidth Sync="TRUE">0</attwidth><atprecis Sync="TRUE">0</atprecis><attscale Sync="TRUE">0</attscale><attrdef Sync="TRUE">Feature geometry.</attrdef><attrdefs Sync="TRUE">Esri</attrdefs><attrdomv><udom Sync="TRUE">Coordinates defining the features.</udom></attrdomv></attr><attr><attrlabl Sync="TRUE">ORIG_FID</attrlabl><attalias Sync="TRUE">ORIG_FID</attalias><attrtype Sync="TRUE">Integer</attrtype><attwidth Sync="TRUE">10</attwidth><atprecis Sync="TRUE">10</atprecis><attscale Sync="TRUE">0</attscale></attr></detailed></eainfo><mdDateSt Sync="TRUE">20230630</mdDateSt></metadata>
